6,0,clingo,0.07219815254211426,480,480,28,342,106,259,126,306,121,104,1,3,nan,nan,False
6,2,clingo,0.04995894432067871,420,420,27,342,106,259,126,306,124,106,1,3,nan,nan,False
6,1,clingo,0.06223940849304199,390,390,26,330,100,255,124,302,84,72,1,4,nan,nan,False
6,3,clingo,0.05551457405090332,390,390,28,338,104,259,126,306,118,98,1,2,nan,nan,False
7,0,clingo,0.04792308807373047,570,570,49,222,137,320,159,381,105,89,1,1,nan,nan,False
7,3,clingo,0.04564094543457031,480,480,51,222,137,320,159,381,108,95,1,2,nan,nan,False
7,2,clingo,0.05784773826599121,510,510,47,222,137,320,159,381,134,115,1,1,nan,nan,False
7,1,clingo,0.11198663711547852,480,480,46,208,130,316,157,377,108,78,1,2,nan,nan,False
8,3,clingo,0.050462961196899414,510,510,59,274,171,411,208,488,138,125,2,2,nan,nan,False
8,1,clingo,0.05960583686828613,570,570,53,270,169,403,204,480,109,88,1,1,nan,nan,False
8,2,clingo,0.06646943092346191,585,585,54,276,172,387,196,464,96,80,1,1,nan,nan,False
8,0,clingo,0.04369091987609863,660,660,58,276,172,387,196,464,109,88,1,1,nan,nan,False
9,2,clingo,0.02523350715637207,600,600,61,342,214,472,243,567,151,120,1,2,nan,nan,False
9,1,clingo,0.07670474052429199,660,660,66,330,208,480,247,575,95,77,1,1,nan,nan,False
9,0,clingo,0.04620862007141113,690,690,65,340,213,468,241,563,141,124,1,1,nan,nan,False
9,3,clingo,0.07041668891906738,600,600,66,334,210,488,251,583,143,115,1,2,nan,nan,False
10,1,clingo,0.06369829177856445,810,810,72,412,259,591,308,706,154,100,1,1,nan,nan,False
10,2,clingo,0.0812673568725586,690,690,68,408,257,551,288,666,164,118,1,1,nan,nan,False
10,0,clingo,0.05486917495727539,780,780,73,404,255,543,284,658,201,147,2,4,nan,nan,False
10,3,clingo,0.08356595039367676,690,690,73,400,253,571,298,686,158,109,1,1,nan,nan,False
11,3,clingo,0.025360584259033203,795,795,79,474,301,660,349,797,175,140,2,2,nan,nan,False
11,2,clingo,0.043343305587768555,735,735,75,484,306,644,341,781,274,219,2,4,nan,nan,False
11,0,clingo,0.0862874984741211,870,870,80,478,303,632,335,769,393,338,4,1,nan,nan,False
11,1,clingo,0.07369542121887207,900,900,79,486,307,684,361,821,194,125,1,1,nan,nan,False
12,1,clingo,0.1167459487915039,990,990,86,566,359,783,418,944,232,147,2,1,nan,nan,False
12,0,clingo,0.051157474517822266,960,960,87,556,354,723,388,884,509,434,4,1,nan,nan,False
12,2,clingo,0.05147957801818848,810,810,83,564,358,739,396,900,283,201,2,7,nan,nan,False
12,3,clingo,0.14046549797058105,855,855,86,556,354,763,408,924,287,204,2,6,nan,nan,False
13,1,clingo,0.06498908996582031,1080,1080,93,652,415,888,479,1075,280,148,2,1,nan,nan,False
13,0,clingo,0.06677484512329102,1035,1035,94,640,409,820,445,1007,188,128,2,1,nan,nan,False
13,3,clingo,0.1140584945678711,945,945,93,640,409,864,467,1051,352,238,2,7,nan,nan,False
13,2,clingo,0.1271038055419922,900,900,95,648,413,836,453,1023,312,216,2,7,nan,nan,False
14,1,clingo,0.0860893726348877,1125,1125,100,748,477,1007,548,1222,326,156,2,1,nan,nan,False
14,2,clingo,0.0783076286315918,945,945,103,744,475,951,520,1166,347,243,2,8,nan,nan,False
14,0,clingo,0.07624173164367676,1065,1065,100,736,471,971,530,1186,229,152,2,2,nan,nan,False
14,3,clingo,0.058750152587890625,975,975,101,736,471,983,536,1198,369,268,2,9,nan,nan,False
15,2,clingo,0.1022493839263916,1035,1035,110,840,538,1060,585,1305,537,334,3,10,nan,nan,False
15,3,clingo,0.10919380187988281,1065,1065,108,832,534,1096,603,1341,533,387,4,6,nan,nan,False
15,1,clingo,0.14234566688537598,1155,1155,106,868,552,1168,639,1413,397,188,2,1,nan,nan,False
15,0,clingo,0.10332155227661133,1080,1080,108,838,537,1096,603,1341,288,221,2,1,nan,nan,False
16,1,clingo,0.10623049736022949,1245,1245,113,974,621,1295,714,1572,571,237,2,1,nan,nan,False
16,2,clingo,0.116119384765625,1515,1515,116,940,604,1231,682,1508,1200,587,3,7,nan,nan,False
16,0,clingo,0.07132816314697266,1170,1170,115,940,604,1215,674,1492,514,348,4,5,nan,nan,False
16,3,clingo,0.15044021606445312,1080,1080,115,938,603,1223,678,1500,1438,1124,8,11,nan,nan,False
17,3,clingo,0.06827354431152344,1110,1110,122,1050,676,1356,757,1667,961,767,6,9,nan,nan,False
17,1,clingo,0.09136724472045898,1335,1335,120,1086,694,1428,793,1739,674,249,2,2,nan,nan,False
17,0,clingo,0.10386872291564941,1245,1245,122,1048,675,1340,749,1651,331,238,2,1,nan,nan,False
17,2,clingo,0.11148381233215332,1605,1605,124,1048,675,1356,757,1667,1149,567,6,10,nan,nan,False
18,1,clingo,0.06809282302856445,1365,1365,127,1208,773,1575,880,1922,789,306,3,2,nan,nan,False
18,2,clingo,0.07832193374633789,1665,1665,131,1166,752,1495,840,1842,2377,865,7,18,nan,nan,False
18,0,clingo,0.061983346939086914,1335,1335,129,1164,751,1471,828,1818,401,227,2,1,nan,nan,False
18,3,clingo,0.1052091121673584,1125,1125,132,1166,752,1491,838,1838,1528,1193,9,11,nan,nan,False
19,1,clingo,0.06632709503173828,1380,1380,135,1338,857,1732,973,2117,1164,477,4,10,nan,nan,False
19,0,clingo,0.03588366508483887,1425,1425,136,1284,830,1608,911,1993,329,196,2,1,nan,nan,False
19,2,clingo,0.08019065856933594,1680,1680,138,1290,833,1640,927,2025,4046,1477,12,13,nan,nan,False
19,3,clingo,0.12495732307434082,1215,1215,140,1286,831,1628,921,2013,2051,1465,12,15,nan,nan,False
20,2,clingo,0.09351134300231934,1770,1770,145,1416,916,1783,1014,2208,5002,1811,11,9,nan,nan,False
20,0,clingo,0.09577274322509766,1515,1515,145,1416,916,1763,1004,2188,437,260,3,1,nan,nan,False
20,1,clingo,0.1224527359008789,1425,1425,142,1472,944,1891,1068,2316,1980,780,6,11,nan,nan,False
20,3,clingo,0.15207481384277344,1305,1305,147,1412,914,1771,1008,2196,2125,1433,12,10,nan,nan,False
21,0,clingo,0.15328598022460938,1605,1605,152,1548,1003,1912,1095,2379,413,247,2,1,nan,nan,False
21,1,clingo,0.1521766185760498,1440,1440,149,1612,1035,2056,1167,2523,4212,1240,10,13,nan,nan,False
21,2,clingo,0.1809537410736084,1785,1785,155,1552,1005,1940,1109,2407,6821,2329,14,17,nan,nan,False
21,3,clingo,0.406574010848999,1410,1410,154,1540,998,1914,1095,2379,12636,10202,52,21,nan,nan,False
22,0,clingo,0.14194321632385254,1695,1695,162,1690,1096,2071,1192,2582,527,301,3,1,nan,nan,False
22,1,clingo,0.2013242244720459,1470,1470,159,1756,1129,2223,1268,2734,6340,1759,13,21,nan,nan,False
22,3,clingo,0.2355637550354004,1485,1485,161,1678,1089,2069,1190,2578,2981,2173,14,14,nan,nan,False
22,2,clingo,0.2512342929840088,1800,1800,163,1698,1100,2111,1212,2622,11652,4907,26,17,nan,nan,False
23,0,clingo,0.11167025566101074,1710,1710,172,1838,1193,2240,1295,2797,804,527,5,1,nan,nan,False
23,1,clingo,0.21601533889770508,1515,1515,167,1910,1229,2404,1377,2961,10704,3465,18,27,nan,nan,False
23,2,clingo,0.22627711296081543,1890,1890,171,1846,1197,2280,1315,2837,14283,5913,30,21,nan,nan,False
23,3,clingo,0.2349109649658203,1530,1530,168,1826,1186,2238,1293,2793,6595,3989,27,11,nan,nan,False
24,0,clingo,0.16785693168640137,1740,1740,179,1992,1294,2415,1402,3020,1478,887,7,19,nan,nan,False
24,3,clingo,0.21096134185791016,1620,1620,175,1976,1285,2405,1396,3008,5390,3605,24,17,nan,nan,False
24,1,clingo,0.28876757621765137,1560,1560,174,2068,1332,2587,1488,3192,22645,6490,30,18,nan,nan,False
24,2,clingo,0.2958817481994629,1980,1980,181,1998,1297,2451,1420,3056,20050,6070,30,15,nan,nan,False
25,0,clingo,0.15577077865600586,1830,1830,187,2152,1399,2592,1511,3247,1331,824,6,10,nan,nan,False
25,3,clingo,0.2587881088256836,1710,1710,182,2132,1388,2578,1503,3231,5855,3702,23,16,nan,nan,False
25,2,clingo,0.2829568386077881,2070,2070,189,2156,1401,2628,1529,3283,22710,6529,32,21,nan,nan,False
25,1,clingo,0.29447293281555176,1650,1650,181,2228,1437,2768,1599,3423,24044,7304,33,13,nan,nan,False
26,0,clingo,0.20203471183776855,1890,1890,194,2318,1508,2779,1626,3486,2087,1148,9,15,nan,nan,False
26,3,clingo,0.317669153213501,1770,1770,189,2298,1497,2765,1618,3470,9451,6461,34,16,nan,nan,False
26,1,clingo,0.5146157741546631,1665,1665,191,2398,1548,2963,1718,3670,37615,12725,60,25,nan,nan,False
26,2,clingo,0.5136866569519043,2100,2100,197,2324,1511,2819,1646,3526,43341,14144,62,14,nan,nan,False
27,0,clingo,0.20736241340637207,1905,1905,201,2490,1621,2972,1745,3733,3149,2037,13,16,nan,nan,False
27,2,clingo,0.5802645683288574,2115,2115,205,2496,1624,3012,1765,3773,60479,19966,80,32,nan,nan,False
27,1,clingo,0.604860782623291,1755,1755,198,2570,1661,3156,1837,3917,44384,12364,60,20,nan,nan,False
27,3,clingo,0.5782010555267334,1830,1830,196,2470,1610,2958,1737,3717,13014,11044,60,15,nan,nan,False
28,0,clingo,0.25409913063049316,2085,2085,207,2702,1755,3263,1914,4080,14031,3624,23,30,nan,nan,False
28,3,clingo,1.07016921043396,1845,1845,203,2648,1727,3157,1860,3972,27236,23277,93,20,nan,nan,False
28,2,clingo,1.2810618877410889,2130,2130,215,2674,1741,3211,1888,4028,124388,39690,127,25,nan,nan,False
28,1,clingo,2.644228458404541,1860,1860,205,2742,1774,3349,1956,4164,275560,121299,381,36,nan,nan,False
29,0,clingo,0.5500833988189697,2145,2145,214,2888,1877,3472,2043,4347,28516,6118,30,28,nan,nan,False
29,1,clingo,0.7312173843383789,1935,1935,212,2926,1895,3554,2083,4427,44542,12810,61,14,nan,nan,False
29,2,clingo,1.0562412738800049,2220,2220,222,2854,1860,3408,2011,4283,132150,39522,129,20,nan,nan,False
29,3,clingo,1.167635202407837,1935,1935,210,2828,1846,3354,1983,4227,32188,26893,118,23,nan,nan,False
30,0,clingo,0.619483470916748,2205,2205,221,3080,2003,3687,2176,4622,54859,10459,56,36,nan,nan,False
30,1,clingo,0.8210222721099854,2025,2025,219,3116,2020,3765,2214,4698,53646,15871,66,20,nan,nan,False
30,2,clingo,2.7716333866119385,2235,2235,232,3048,1987,3627,2146,4562,410238,118862,363,14,nan,nan,False
30,3,clingo,2.7549588680267334,1995,1995,218,3020,1972,3569,2116,4502,116495,93135,314,26,nan,nan,False
31,0,clingo,0.7660713195800781,2235,2235,229,3280,2134,3912,2315,4909,96688,18813,77,33,nan,nan,False
31,1,clingo,1.0981512069702148,2055,2055,226,3316,2151,3990,2353,4985,122210,27830,118,20,nan,nan,False
31,3,clingo,5.465481281280518,2010,2010,226,3218,2102,3790,2253,4785,242264,196906,572,31,nan,nan,False
31,2,clingo,6.34009313583374,2295,2295,239,3244,2116,3844,2281,4841,1262076,318806,891,30,nan,nan,False
32,0,clingo,1.5859813690185547,2250,2250,237,3486,2269,4143,2458,5204,172577,34206,125,38,nan,nan,False
32,1,clingo,2.1435294151306152,2115,2115,233,3522,2286,4221,2496,5280,226522,59276,232,18,nan,nan,False
32,2,clingo,7.963017463684082,2025,2025,245,3502,2277,4175,2474,5236,2092464,416031,1062,45,nan,nan,False
32,3,clingo,28.288327932357788,2025,2025,236,3422,2236,4017,2394,5076,1213199,1044057,2386,22,nan,nan,False
33,0,clingo,1.754305362701416,2340,2340,245,3692,2405,4368,2599,5495,195983,40995,132,33,nan,nan,False
33,1,clingo,11.325209140777588,2130,2130,241,3736,2426,4462,2645,5587,1071308,295331,827,45,nan,nan,False
33,2,clingo,20.698771953582764,2040,2040,252,3712,2415,4408,2619,5535,4202843,868968,2046,34,nan,nan,False
33,3,clingo,72.44822287559509,2040,2040,244,3632,2374,4250,2539,5375,2898220,2486113,5445,19,nan,nan,False
34,0,clingo,2.7932817935943604,2430,2430,253,3900,2542,4597,2742,5790,273781,42202,133,24,nan,nan,False
34,1,clingo,7.132538080215454,2220,2220,248,3950,2567,4697,2792,5890,1054181,278176,802,25,nan,nan,False
34,2,clingo,20.808239459991455,2130,2130,259,3924,2555,4639,2764,5834,4092006,990564,2234,31,nan,nan,False
34,3,clingo,126.93259263038635,2130,2130,251,3846,2515,4485,2686,5678,4680456,3973727,8190,21,nan,nan,False
35,0,clingo,2.65872859954834,2460,2460,261,4126,2690,4850,2899,6113,258630,56142,189,27,nan,nan,False
35,1,clingo,19.096300840377808,2265,2265,256,4180,2717,4958,2953,6221,4239900,658509,1819,24,nan,nan,False
35,3,clingo,81.90417909622192,2220,2220,259,4066,2660,4722,2835,5985,2808955,2297982,4635,41,nan,nan,False
35,2,clingo,89.05660939216614,2175,2175,267,4148,2702,4888,2919,6153,22945436,4139254,8190,20,nan,nan,False
36,0,clingo,7.529830455780029,2475,2475,269,4356,2841,5105,3058,6440,1061635,196961,510,33,nan,nan,False
36,1,clingo,22.245431423187256,2355,2355,263,4406,2866,5205,3108,6540,4056690,649081,1787,33,nan,nan,False
36,3,clingo,31.965126752853394,2295,2295,266,4292,2809,4965,2988,6300,1089903,958505,2171,21,nan,nan,False
36,2,clingo,46.84614419937134,2265,2265,274,4372,2850,5131,3072,6468,10850204,2129246,4119,34,nan,nan,False
37,1,clingo,21.290666341781616,2445,2445,270,4632,3015,5452,3263,6859,3883639,567006,1533,34,nan,nan,False
37,0,clingo,26.186175107955933,2490,2490,279,4594,2997,5370,3223,6779,2910354,675117,1596,34,nan,nan,False
37,3,clingo,62.235313415527344,2325,2325,274,4528,2964,5226,3151,6635,2211227,1967765,4094,41,nan,nan,False
37,2,clingo,107.45689272880554,2310,2310,282,4610,3006,5396,3237,6807,15251649,4134353,8189,23,nan,nan,False
38,1,clingo,29.825899839401245,2535,2535,277,4878,3176,5727,3434,7210,5228396,739486,1929,47,nan,nan,False
38,0,clingo,34.25224328041077,2580,2580,286,4830,3153,5625,3384,7110,4110118,901164,2046,26,nan,nan,False
38,3,clingo,80.53743267059326,2415,2415,281,4762,3119,5477,3310,6962,2869964,2460513,5403,46,nan,nan,False
38,2,clingo,423.9149167537689,2325,2325,292,4854,3166,5667,3406,7154,67272153,16467415,29715,18,nan,nan,False
39,1,clingo,71.1873300075531,2550,2550,287,5126,3339,6000,3605,7561,10606736,1841381,4093,34,nan,nan,False
39,0,clingo,132.98164534568787,2595,2595,296,5078,3316,5898,3555,7461,20605389,3382157,7195,31,nan,nan,False
39,3,clingo,220.7613160610199,2430,2430,288,5006,3280,5742,3477,7305,6854332,6146794,12346,34,nan,nan,False
39,2,clingo,376.63010573387146,2415,2415,299,5096,3326,5928,3571,7493,54325713,12550271,21500,48,nan,nan,False
40,0,clingo,114.71381568908691,2685,2685,303,5326,3480,6165,3724,7808,13398657,2502659,5180,49,nan,nan,False
40,1,clingo,121.69877243041992,2565,2565,298,5380,3506,6279,3780,7920,12780121,3066407,6396,36,nan,nan,False
40,3,clingo,198.87624430656433,2460,2460,294,5326,3480,6153,3718,7796,5891925,4965958,9787,39,nan,nan,False
40,2,clingo,600.311984539032,-1,0,nan,nan,nan,nan,nan,nan,nan,nan,nan,nan,nan,nan,True
41,1,clingo,198.09858393669128,2610,2610,306,5642,3678,6568,3961,8291,12001949,4177794,8190,58,nan,nan,False
41,0,clingo,216.5681188106537,2715,2715,314,5582,3649,6442,3899,8167,28140005,4772667,8875,48,nan,nan,False
41,3,clingo,391.71639132499695,2490,2490,302,5590,3653,6446,3901,8171,10928478,9204176,16382,31,nan,nan,False
41,2,clingo,600.217422246933,-1,0,nan,nan,nan,nan,nan,nan,nan,nan,nan,nan,nan,nan,True
42,1,clingo,234.52414345741272,2700,2700,313,5904,3851,6851,4140,8658,21500216,5046775,9914,58,nan,nan,False
42,3,clingo,507.2579016685486,2580,2580,309,5854,3827,6729,4080,8538,15203124,9363791,16382,51,nan,nan,False
42,0,clingo,550.8761763572693,2760,2760,321,5846,3823,6729,4080,8538,84779805,14502375,26635,55,nan,nan,False
42,2,clingo,600.3600504398346,-1,0,nan,nan,nan,nan,nan,nan,nan,nan,nan,nan,nan,nan,True
43,2,clingo,600.1903324127197,-1,0,nan,nan,nan,nan,nan,nan,nan,nan,nan,nan,nan,nan,True
43,3,clingo,600.3305628299713,-1,0,nan,nan,nan,nan,nan,nan,nan,nan,nan,nan,nan,nan,True
43,1,clingo,600.3605678081512,-1,0,nan,nan,nan,nan,nan,nan,nan,nan,nan,nan,nan,nan,True
43,0,clingo,600.3370079994202,-1,0,nan,nan,nan,nan,nan,nan,nan,nan,nan,nan,nan,nan,True
6,3,clingo-bad,0.0442957878112793,390,390,27,333,103,207,79,251,227,197,2,2,nan,nan,False
6,1,clingo-bad,0.05214095115661621,390,390,27,326,99,203,79,248,155,126,2,5,nan,nan,False
6,2,clingo-bad,0.06249833106994629,420,420,25,331,102,206,79,250,134,115,1,4,nan,nan,False
6,0,clingo-bad,0.03724527359008789,480,480,27,333,103,207,79,251,169,156,2,2,nan,nan,False
7,1,clingo-bad,0.0476837158203125,480,480,47,204,129,256,98,315,240,183,2,4,nan,nan,False
7,3,clingo-bad,0.04570198059082031,480,480,51,217,136,263,98,321,525,443,5,2,nan,nan,False
7,0,clingo-bad,0.048125505447387695,570,570,48,213,134,261,98,319,337,284,2,3,nan,nan,False
7,2,clingo-bad,0.05040693283081055,510,510,47,211,133,260,98,318,240,195,2,7,nan,nan,False
8,0,clingo-bad,0.04669785499572754,660,660,58,267,169,321,119,395,607,470,5,5,nan,nan,False
8,2,clingo-bad,0.02681446075439453,585,585,54,267,169,321,119,395,539,420,5,5,nan,nan,False
8,3,clingo-bad,0.0648658275604248,510,510,57,263,170,322,119,390,1010,812,6,6,nan,nan,False
8,1,clingo-bad,0.05025053024291992,570,570,53,253,164,316,119,386,899,744,6,5,nan,nan,False
9,2,clingo-bad,0.03632020950317383,600,600,60,326,209,388,142,477,614,472,5,6,nan,nan,False
9,0,clingo-bad,0.057253360748291016,690,690,65,325,208,387,142,477,1071,855,7,4,nan,nan,False
9,1,clingo-bad,0.07097792625427246,660,660,60,324,209,388,142,475,3110,2491,16,7,nan,nan,False
9,3,clingo-bad,0.08237266540527344,600,600,66,322,209,388,142,473,2770,2195,14,7,nan,nan,False
10,0,clingo-bad,0.034818172454833984,780,780,72,394,252,460,167,571,901,657,6,8,nan,nan,False
10,2,clingo-bad,0.046755313873291016,690,690,68,392,252,460,167,569,897,659,6,10,nan,nan,False
10,1,clingo-bad,0.07709980010986328,810,810,66,380,251,459,167,558,2657,2147,14,8,nan,nan,False
10,3,clingo-bad,0.08359885215759277,690,690,73,387,252,460,167,564,4134,3411,25,9,nan,nan,False
11,2,clingo-bad,0.061782121658325195,735,735,75,462,299,538,194,667,1807,1401,13,10,nan,nan,False
11,0,clingo-bad,0.06426453590393066,870,870,81,465,299,538,194,670,4116,3358,24,6,nan,nan,False
11,1,clingo-bad,0.11873245239257812,900,900,78,450,298,537,194,656,7108,5682,31,8,nan,nan,False
11,3,clingo-bad,0.12091398239135742,795,795,79,456,298,537,194,662,7840,6339,33,9,nan,nan,False
12,2,clingo-bad,0.1195530891418457,810,810,81,541,351,623,223,775,3666,2684,17,13,nan,nan,False
12,0,clingo-bad,0.1899855136871338,960,960,88,543,350,622,223,778,8116,6739,35,11,nan,nan,False
12,1,clingo-bad,0.31435155868530273,990,990,85,526,349,621,223,762,15202,12718,62,9,nan,nan,False
12,3,clingo-bad,0.35350513458251953,855,855,87,531,349,621,223,767,27914,21880,106,11,nan,nan,False
13,2,clingo-bad,0.1432487964630127,900,900,93,625,406,713,254,891,7033,5346,30,17,nan,nan,False
13,0,clingo-bad,0.24985957145690918,1035,1035,95,627,405,712,254,894,12574,10618,61,10,nan,nan,False
13,1,clingo-bad,0.47064661979675293,1080,1080,91,608,404,711,254,876,37836,32249,127,8,nan,nan,False
13,3,clingo-bad,0.9181556701660156,945,945,94,614,404,711,254,882,76045,63398,253,11,nan,nan,False
14,2,clingo-bad,0.28467512130737305,945,945,100,714,466,810,287,1013,20119,14915,70,17,nan,nan,False
14,0,clingo-bad,0.564521074295044,1065,1065,101,703,463,807,287,1005,48182,39572,151,15,nan,nan,False
14,1,clingo-bad,0.8554630279541016,1125,1125,98,694,463,807,287,996,67524,55201,234,8,nan,nan,False
14,3,clingo-bad,2.8562557697296143,975,975,101,702,464,808,287,1003,275385,228688,764,10,nan,nan,False
15,2,clingo-bad,0.7297286987304688,1035,1035,107,810,529,912,322,1145,37298,28942,125,18,nan,nan,False
15,0,clingo-bad,1.1241734027862549,1080,1080,108,797,527,910,322,1134,75765,63075,252,15,nan,nan,False
15,1,clingo-bad,6.671273469924927,1155,1155,104,775,525,908,322,1114,622681,539621,1533,17,nan,nan,False
15,3,clingo-bad,8.54842734336853,1065,1065,108,797,527,910,322,1134,857679,719030,2046,10,nan,nan,False
16,2,clingo-bad,2.359649658203125,1515,1515,113,896,595,1019,359,1270,136395,104112,380,24,nan,nan,False
16,0,clingo-bad,3.801342725753784,1170,1170,115,898,594,1018,359,1273,236442,201164,637,19,nan,nan,False
16,1,clingo-bad,15.247132539749146,1245,1245,111,874,592,1016,359,1251,1390281,1210539,3138,20,nan,nan,False
16,3,clingo-bad,22.824707984924316,1080,1080,115,896,594,1018,359,1271,2140860,1817506,4177,16,nan,nan,False
17,0,clingo-bad,7.546016693115234,1245,1245,122,1005,665,1132,398,1420,433037,377256,1025,24,nan,nan,False
17,2,clingo-bad,15.08992886543274,1605,1605,122,1005,667,1134,398,1418,1143580,877834,2189,12,nan,nan,False
17,1,clingo-bad,40.8883695602417,1335,1335,118,979,663,1130,398,1396,3008129,2625046,6141,25,nan,nan,False
17,3,clingo-bad,82.89422369003296,1110,1110,122,1001,665,1132,398,1416,7009515,5943430,12859,6,nan,nan,False
18,0,clingo-bad,22.726628065109253,1335,1335,129,1118,740,1252,439,1575,1254195,1095779,2812,25,nan,nan,False
18,2,clingo-bad,99.7310962677002,1665,1665,129,1116,742,1254,439,1571,6494640,5160663,11260,17,nan,nan,False
18,1,clingo-bad,148.75796937942505,1365,1365,128,1088,738,1250,439,1547,11227661,9574869,18823,19,nan,nan,False
18,3,clingo-bad,189.42925810813904,1125,1125,129,1119,743,1255,439,1573,13253416,11334352,22577,25,nan,nan,False
19,0,clingo-bad,48.784929275512695,1425,1425,136,1237,819,1378,482,1738,2650736,2345752,5577,31,nan,nan,False
19,2,clingo-bad,198.49599194526672,1680,1680,136,1233,821,1380,482,1732,12008312,9442933,17497,23,nan,nan,False
19,1,clingo-bad,293.09368205070496,1380,1380,135,1204,818,1377,482,1706,17998445,15695154,32764,18,nan,nan,False
19,3,clingo-bad,466.55904388427734,1215,1215,136,1240,823,1382,482,1737,31356845,26627974,49149,21,nan,nan,False
20,0,clingo-bad,293.2825996875763,1515,1515,143,1363,904,1512,527,1908,12659659,11477381,21803,65,nan,nan,False
20,2,clingo-bad,447.9517066478729,1770,1770,144,1358,904,1512,527,1903,24432457,20074417,33576,31,nan,nan,False
20,1,clingo-bad,600.0901834964752,-1,0,nan,nan,nan,nan,nan,nan,nan,nan,nan,nan,nan,nan,True
20,3,clingo-bad,600.0715885162354,-1,0,nan,nan,nan,nan,nan,nan,nan,nan,nan,nan,nan,nan,True
21,3,clingo-bad,600.056440114975,-1,0,nan,nan,nan,nan,nan,nan,nan,nan,nan,nan,nan,nan,True
21,2,clingo-bad,600.0651116371155,-1,0,nan,nan,nan,nan,nan,nan,nan,nan,nan,nan,nan,nan,True
21,0,clingo-bad,600.0891988277435,-1,0,nan,nan,nan,nan,nan,nan,nan,nan,nan,nan,nan,nan,True
21,1,clingo-bad,600.1109261512756,-1,0,nan,nan,nan,nan,nan,nan,nan,nan,nan,nan,nan,nan,True
6,0,asp,0.3279612064361572,480,480,1135,58858,13377,2612,13617,22630,1687,1215,8,1,nan,nan,False
6,3,asp,0.4756155014038086,390,390,923,42408,9727,2402,10097,16710,3868,2893,17,4,nan,nan,False
6,2,asp,0.49733567237854004,420,420,1405,83896,18895,2884,18985,31658,4201,1704,11,2,nan,nan,False
6,1,asp,0.5487394332885742,390,390,1075,55959,12718,2555,13001,21594,8000,3979,24,2,nan,nan,False
7,0,asp,1.4862797260284424,570,570,1571,107294,23812,3582,24164,41131,11690,5612,28,4,nan,nan,False
7,2,asp,1.9437956809997559,510,510,1897,148272,32690,3910,32864,56131,15078,5918,30,4,nan,nan,False
7,3,asp,2.6646480560302734,480,480,1246,71741,16079,3259,16624,28131,19350,15791,65,2,nan,nan,False
7,1,asp,3.267263889312744,480,480,1443,95516,21236,3457,21670,36831,40161,21687,89,2,nan,nan,False
8,0,asp,12.341757774353027,660,660,2099,182182,39753,4762,40253,69836,58882,30781,124,6,nan,nan,False
8,2,asp,18.299500942230225,585,585,2481,244688,53131,5146,53425,92976,100155,38983,126,8,nan,nan,False
8,3,asp,20.814833402633667,510,510,1967,165298,36117,4630,36701,63596,118043,72756,253,4,nan,nan,False
8,1,asp,24.53156566619873,570,570,1886,153351,33554,4549,34185,59176,143439,93078,277,4,nan,nan,False
9,0,asp,165.4332377910614,690,690,3163,382456,82108,6610,82564,145853,567598,191575,516,8,nan,nan,False
9,3,asp,173.96284675598145,600,600,2513,255074,55066,5958,55884,98293,475142,360501,917,6,nan,nan,False
9,2,asp,184.04646801948547,600,600,3257,401777,86205,6703,86612,153069,546427,239366,652,10,nan,nan,False
9,1,asp,257.2109296321869,660,660,2404,234426,50680,5849,51560,90585,883634,626826,1486,5,nan,nan,False
10,3,asp,601.0503482818604,-1,0,nan,nan,nan,nan,nan,nan,nan,nan,nan,nan,nan,nan,True
10,2,asp,601.6370775699615,-1,0,nan,nan,nan,nan,nan,nan,nan,nan,nan,nan,nan,nan,True
10,0,asp,601.6549293994904,-1,0,nan,nan,nan,nan,nan,nan,nan,nan,nan,nan,nan,nan,True
10,1,asp,602.2493739128113,-1,0,nan,nan,nan,nan,nan,nan,nan,nan,nan,nan,nan,nan,True
6,1,concorde,0.06709647178649902,nan,390,nan,nan,nan,nan,nan,nan,nan,nan,nan,nan,nan,nan,False
6,0,concorde,0.04595375061035156,nan,480,nan,nan,nan,nan,nan,nan,nan,nan,nan,nan,nan,nan,False
6,3,concorde,0.0704200267791748,nan,390,nan,nan,nan,nan,nan,nan,nan,nan,nan,nan,nan,nan,False
6,2,concorde,0.05392122268676758,nan,420,nan,nan,nan,nan,nan,nan,nan,nan,nan,nan,nan,nan,False
7,3,concorde,0.06686568260192871,nan,480,nan,nan,nan,nan,nan,nan,nan,nan,nan,nan,nan,nan,False
7,1,concorde,0.0597381591796875,nan,480,nan,nan,nan,nan,nan,nan,nan,nan,nan,nan,nan,nan,False
7,2,concorde,0.11123490333557129,nan,510,nan,nan,nan,nan,nan,nan,nan,nan,nan,nan,nan,nan,False
7,0,concorde,0.06487679481506348,nan,570,nan,nan,nan,nan,nan,nan,nan,nan,nan,nan,nan,nan,False
8,3,concorde,0.06995987892150879,nan,510,nan,nan,nan,nan,nan,nan,nan,nan,nan,nan,nan,nan,False
8,2,concorde,0.09342765808105469,nan,585,nan,nan,nan,nan,nan,nan,nan,nan,nan,nan,nan,nan,False
8,0,concorde,0.10701584815979004,nan,660,nan,nan,nan,nan,nan,nan,nan,nan,nan,nan,nan,nan,False
8,1,concorde,0.1462996006011963,nan,570,nan,nan,nan,nan,nan,nan,nan,nan,nan,nan,nan,nan,False
9,1,concorde,0.07963395118713379,nan,660,nan,nan,nan,nan,nan,nan,nan,nan,nan,nan,nan,nan,False
9,3,concorde,0.08916473388671875,nan,600,nan,nan,nan,nan,nan,nan,nan,nan,nan,nan,nan,nan,False
9,2,concorde,0.05658698081970215,nan,600,nan,nan,nan,nan,nan,nan,nan,nan,nan,nan,nan,nan,False
9,0,concorde,0.10444021224975586,nan,690,nan,nan,nan,nan,nan,nan,nan,nan,nan,nan,nan,nan,False
10,0,concorde,0.05370211601257324,nan,780,nan,nan,nan,nan,nan,nan,nan,nan,nan,nan,nan,nan,False
10,3,concorde,0.06410646438598633,nan,690,nan,nan,nan,nan,nan,nan,nan,nan,nan,nan,nan,nan,False
10,2,concorde,0.10168933868408203,nan,690,nan,nan,nan,nan,nan,nan,nan,nan,nan,nan,nan,nan,False
10,1,concorde,0.15763449668884277,nan,810,nan,nan,nan,nan,nan,nan,nan,nan,nan,nan,nan,nan,False
11,3,concorde,0.05186724662780762,nan,795,nan,nan,nan,nan,nan,nan,nan,nan,nan,nan,nan,nan,False
11,2,concorde,0.07346320152282715,nan,735,nan,nan,nan,nan,nan,nan,nan,nan,nan,nan,nan,nan,False
11,1,concorde,0.0733492374420166,nan,900,nan,nan,nan,nan,nan,nan,nan,nan,nan,nan,nan,nan,False
11,0,concorde,0.0872354507446289,nan,870,nan,nan,nan,nan,nan,nan,nan,nan,nan,nan,nan,nan,False
12,3,concorde,0.05077767372131348,nan,855,nan,nan,nan,nan,nan,nan,nan,nan,nan,nan,nan,nan,False
12,2,concorde,0.06739544868469238,nan,810,nan,nan,nan,nan,nan,nan,nan,nan,nan,nan,nan,nan,False
12,0,concorde,0.0652012825012207,nan,960,nan,nan,nan,nan,nan,nan,nan,nan,nan,nan,nan,nan,False
12,1,concorde,0.17357730865478516,nan,990,nan,nan,nan,nan,nan,nan,nan,nan,nan,nan,nan,nan,False
13,3,concorde,0.06639790534973145,nan,945,nan,nan,nan,nan,nan,nan,nan,nan,nan,nan,nan,nan,False
13,1,concorde,0.08626747131347656,nan,1080,nan,nan,nan,nan,nan,nan,nan,nan,nan,nan,nan,nan,False
13,2,concorde,0.09067058563232422,nan,900,nan,nan,nan,nan,nan,nan,nan,nan,nan,nan,nan,nan,False
13,0,concorde,0.09848737716674805,nan,1035,nan,nan,nan,nan,nan,nan,nan,nan,nan,nan,nan,nan,False
14,2,concorde,0.04947972297668457,nan,945,nan,nan,nan,nan,nan,nan,nan,nan,nan,nan,nan,nan,False
14,3,concorde,0.05925154685974121,nan,975,nan,nan,nan,nan,nan,nan,nan,nan,nan,nan,nan,nan,False
14,0,concorde,0.1011660099029541,nan,1065,nan,nan,nan,nan,nan,nan,nan,nan,nan,nan,nan,nan,False
14,1,concorde,0.13805246353149414,nan,1125,nan,nan,nan,nan,nan,nan,nan,nan,nan,nan,nan,nan,False
15,3,concorde,0.08873391151428223,nan,1065,nan,nan,nan,nan,nan,nan,nan,nan,nan,nan,nan,nan,False
15,1,concorde,0.10100388526916504,nan,1155,nan,nan,nan,nan,nan,nan,nan,nan,nan,nan,nan,nan,False
15,0,concorde,0.1059103012084961,nan,1080,nan,nan,nan,nan,nan,nan,nan,nan,nan,nan,nan,nan,False
15,2,concorde,0.08027482032775879,nan,1035,nan,nan,nan,nan,nan,nan,nan,nan,nan,nan,nan,nan,False
16,2,concorde,0.12047290802001953,nan,1515,nan,nan,nan,nan,nan,nan,nan,nan,nan,nan,nan,nan,False
16,0,concorde,0.12703227996826172,nan,1170,nan,nan,nan,nan,nan,nan,nan,nan,nan,nan,nan,nan,False
16,3,concorde,0.09638714790344238,nan,1080,nan,nan,nan,nan,nan,nan,nan,nan,nan,nan,nan,nan,False
16,1,concorde,0.14170384407043457,nan,1245,nan,nan,nan,nan,nan,nan,nan,nan,nan,nan,nan,nan,False
17,2,concorde,0.06890320777893066,nan,1605,nan,nan,nan,nan,nan,nan,nan,nan,nan,nan,nan,nan,False
17,3,concorde,0.08400774002075195,nan,1110,nan,nan,nan,nan,nan,nan,nan,nan,nan,nan,nan,nan,False
17,1,concorde,0.08778905868530273,nan,1335,nan,nan,nan,nan,nan,nan,nan,nan,nan,nan,nan,nan,False
17,0,concorde,0.0744483470916748,nan,1245,nan,nan,nan,nan,nan,nan,nan,nan,nan,nan,nan,nan,False
18,0,concorde,0.06318449974060059,nan,1335,nan,nan,nan,nan,nan,nan,nan,nan,nan,nan,nan,nan,False
18,3,concorde,0.12720561027526855,nan,1125,nan,nan,nan,nan,nan,nan,nan,nan,nan,nan,nan,nan,False
18,2,concorde,0.10925841331481934,nan,1665,nan,nan,nan,nan,nan,nan,nan,nan,nan,nan,nan,nan,False
18,1,concorde,0.1338944435119629,nan,1365,nan,nan,nan,nan,nan,nan,nan,nan,nan,nan,nan,nan,False
19,0,concorde,0.11016368865966797,nan,1425,nan,nan,nan,nan,nan,nan,nan,nan,nan,nan,nan,nan,False
19,2,concorde,0.07946586608886719,nan,1680,nan,nan,nan,nan,nan,nan,nan,nan,nan,nan,nan,nan,False
19,3,concorde,0.09015369415283203,nan,1215,nan,nan,nan,nan,nan,nan,nan,nan,nan,nan,nan,nan,False
19,1,concorde,0.1534440517425537,nan,1380,nan,nan,nan,nan,nan,nan,nan,nan,nan,nan,nan,nan,False
20,1,concorde,0.09590506553649902,nan,1425,nan,nan,nan,nan,nan,nan,nan,nan,nan,nan,nan,nan,False
20,2,concorde,0.08507227897644043,nan,1770,nan,nan,nan,nan,nan,nan,nan,nan,nan,nan,nan,nan,False
20,3,concorde,0.12602972984313965,nan,1305,nan,nan,nan,nan,nan,nan,nan,nan,nan,nan,nan,nan,False
20,0,concorde,0.10652327537536621,nan,1515,nan,nan,nan,nan,nan,nan,nan,nan,nan,nan,nan,nan,False
21,2,concorde,0.08485054969787598,nan,1785,nan,nan,nan,nan,nan,nan,nan,nan,nan,nan,nan,nan,False
21,1,concorde,0.12008857727050781,nan,1440,nan,nan,nan,nan,nan,nan,nan,nan,nan,nan,nan,nan,False
21,3,concorde,0.14430737495422363,nan,1410,nan,nan,nan,nan,nan,nan,nan,nan,nan,nan,nan,nan,False
21,0,concorde,0.17864084243774414,nan,1605,nan,nan,nan,nan,nan,nan,nan,nan,nan,nan,nan,nan,False
22,1,concorde,0.12604713439941406,nan,1470,nan,nan,nan,nan,nan,nan,nan,nan,nan,nan,nan,nan,False
22,3,concorde,0.08906102180480957,nan,1485,nan,nan,nan,nan,nan,nan,nan,nan,nan,nan,nan,nan,False
22,2,concorde,0.1282360553741455,nan,1800,nan,nan,nan,nan,nan,nan,nan,nan,nan,nan,nan,nan,False
22,0,concorde,0.1290264129638672,nan,1695,nan,nan,nan,nan,nan,nan,nan,nan,nan,nan,nan,nan,False
23,0,concorde,0.10096335411071777,nan,1710,nan,nan,nan,nan,nan,nan,nan,nan,nan,nan,nan,nan,False
23,2,concorde,0.1255357265472412,nan,1890,nan,nan,nan,nan,nan,nan,nan,nan,nan,nan,nan,nan,False
23,1,concorde,0.13821125030517578,nan,1515,nan,nan,nan,nan,nan,nan,nan,nan,nan,nan,nan,nan,False
23,3,concorde,0.13474583625793457,nan,1530,nan,nan,nan,nan,nan,nan,nan,nan,nan,nan,nan,nan,False
24,2,concorde,0.11637473106384277,nan,1980,nan,nan,nan,nan,nan,nan,nan,nan,nan,nan,nan,nan,False
24,1,concorde,0.07922220230102539,nan,1560,nan,nan,nan,nan,nan,nan,nan,nan,nan,nan,nan,nan,False
24,3,concorde,0.12469625473022461,nan,1620,nan,nan,nan,nan,nan,nan,nan,nan,nan,nan,nan,nan,False
24,0,concorde,0.10344147682189941,nan,1740,nan,nan,nan,nan,nan,nan,nan,nan,nan,nan,nan,nan,False
25,1,concorde,0.11749958992004395,nan,1650,nan,nan,nan,nan,nan,nan,nan,nan,nan,nan,nan,nan,False
25,2,concorde,0.15447998046875,nan,2070,nan,nan,nan,nan,nan,nan,nan,nan,nan,nan,nan,nan,False
25,0,concorde,0.15493440628051758,nan,1830,nan,nan,nan,nan,nan,nan,nan,nan,nan,nan,nan,nan,False
25,3,concorde,0.15398550033569336,nan,1710,nan,nan,nan,nan,nan,nan,nan,nan,nan,nan,nan,nan,False
26,0,concorde,0.13648128509521484,nan,1890,nan,nan,nan,nan,nan,nan,nan,nan,nan,nan,nan,nan,False
26,1,concorde,0.1337144374847412,nan,1665,nan,nan,nan,nan,nan,nan,nan,nan,nan,nan,nan,nan,False
26,2,concorde,0.1675269603729248,nan,2100,nan,nan,nan,nan,nan,nan,nan,nan,nan,nan,nan,nan,False
26,3,concorde,0.15181207656860352,nan,1770,nan,nan,nan,nan,nan,nan,nan,nan,nan,nan,nan,nan,False
27,2,concorde,0.10777473449707031,nan,2115,nan,nan,nan,nan,nan,nan,nan,nan,nan,nan,nan,nan,False
27,1,concorde,0.1361844539642334,nan,1755,nan,nan,nan,nan,nan,nan,nan,nan,nan,nan,nan,nan,False
27,3,concorde,0.13684320449829102,nan,1830,nan,nan,nan,nan,nan,nan,nan,nan,nan,nan,nan,nan,False
27,0,concorde,0.4502224922180176,nan,1905,nan,nan,nan,nan,nan,nan,nan,nan,nan,nan,nan,nan,False
28,3,concorde,0.08087158203125,nan,1845,nan,nan,nan,nan,nan,nan,nan,nan,nan,nan,nan,nan,False
28,1,concorde,0.10338330268859863,nan,1860,nan,nan,nan,nan,nan,nan,nan,nan,nan,nan,nan,nan,False
28,2,concorde,0.12308192253112793,nan,2130,nan,nan,nan,nan,nan,nan,nan,nan,nan,nan,nan,nan,False
28,0,concorde,0.10148358345031738,nan,2085,nan,nan,nan,nan,nan,nan,nan,nan,nan,nan,nan,nan,False
29,3,concorde,0.15036559104919434,nan,1935,nan,nan,nan,nan,nan,nan,nan,nan,nan,nan,nan,nan,False
29,2,concorde,0.16680550575256348,nan,2220,nan,nan,nan,nan,nan,nan,nan,nan,nan,nan,nan,nan,False
29,1,concorde,0.20879602432250977,nan,1935,nan,nan,nan,nan,nan,nan,nan,nan,nan,nan,nan,nan,False
29,0,concorde,0.17773008346557617,nan,2145,nan,nan,nan,nan,nan,nan,nan,nan,nan,nan,nan,nan,False
30,3,concorde,0.1579301357269287,nan,1995,nan,nan,nan,nan,nan,nan,nan,nan,nan,nan,nan,nan,False
30,2,concorde,0.17388296127319336,nan,2235,nan,nan,nan,nan,nan,nan,nan,nan,nan,nan,nan,nan,False
30,1,concorde,0.1739346981048584,nan,2025,nan,nan,nan,nan,nan,nan,nan,nan,nan,nan,nan,nan,False
30,0,concorde,0.23755764961242676,nan,2205,nan,nan,nan,nan,nan,nan,nan,nan,nan,nan,nan,nan,False
31,3,concorde,0.19782209396362305,nan,2010,nan,nan,nan,nan,nan,nan,nan,nan,nan,nan,nan,nan,False
31,1,concorde,0.2073984146118164,nan,2055,nan,nan,nan,nan,nan,nan,nan,nan,nan,nan,nan,nan,False
31,0,concorde,0.2203514575958252,nan,2235,nan,nan,nan,nan,nan,nan,nan,nan,nan,nan,nan,nan,False
31,2,concorde,0.23757076263427734,nan,2295,nan,nan,nan,nan,nan,nan,nan,nan,nan,nan,nan,nan,False
32,1,concorde,0.19212055206298828,nan,2115,nan,nan,nan,nan,nan,nan,nan,nan,nan,nan,nan,nan,False
32,2,concorde,0.19121003150939941,nan,2025,nan,nan,nan,nan,nan,nan,nan,nan,nan,nan,nan,nan,False
32,0,concorde,0.1951155662536621,nan,2250,nan,nan,nan,nan,nan,nan,nan,nan,nan,nan,nan,nan,False
32,3,concorde,0.12038016319274902,nan,2025,nan,nan,nan,nan,nan,nan,nan,nan,nan,nan,nan,nan,False
33,2,concorde,0.1330430507659912,nan,2040,nan,nan,nan,nan,nan,nan,nan,nan,nan,nan,nan,nan,False
33,0,concorde,0.15622425079345703,nan,2340,nan,nan,nan,nan,nan,nan,nan,nan,nan,nan,nan,nan,False
33,1,concorde,0.1729745864868164,nan,2130,nan,nan,nan,nan,nan,nan,nan,nan,nan,nan,nan,nan,False
33,3,concorde,0.09222841262817383,nan,2040,nan,nan,nan,nan,nan,nan,nan,nan,nan,nan,nan,nan,False
34,2,concorde,0.18609046936035156,nan,2130,nan,nan,nan,nan,nan,nan,nan,nan,nan,nan,nan,nan,False
34,3,concorde,0.15941905975341797,nan,2130,nan,nan,nan,nan,nan,nan,nan,nan,nan,nan,nan,nan,False
34,1,concorde,0.17431282997131348,nan,2220,nan,nan,nan,nan,nan,nan,nan,nan,nan,nan,nan,nan,False
34,0,concorde,0.15635299682617188,nan,2430,nan,nan,nan,nan,nan,nan,nan,nan,nan,nan,nan,nan,False
35,1,concorde,0.11339688301086426,nan,2265,nan,nan,nan,nan,nan,nan,nan,nan,nan,nan,nan,nan,False
35,3,concorde,0.1504971981048584,nan,2220,nan,nan,nan,nan,nan,nan,nan,nan,nan,nan,nan,nan,False
35,2,concorde,0.16944241523742676,nan,2175,nan,nan,nan,nan,nan,nan,nan,nan,nan,nan,nan,nan,False
35,0,concorde,0.17244243621826172,nan,2460,nan,nan,nan,nan,nan,nan,nan,nan,nan,nan,nan,nan,False
36,2,concorde,0.15556120872497559,nan,2265,nan,nan,nan,nan,nan,nan,nan,nan,nan,nan,nan,nan,False
36,3,concorde,0.15451264381408691,nan,2295,nan,nan,nan,nan,nan,nan,nan,nan,nan,nan,nan,nan,False
36,1,concorde,0.19738292694091797,nan,2355,nan,nan,nan,nan,nan,nan,nan,nan,nan,nan,nan,nan,False
36,0,concorde,0.17348575592041016,nan,2475,nan,nan,nan,nan,nan,nan,nan,nan,nan,nan,nan,nan,False
37,1,concorde,0.17099428176879883,nan,2445,nan,nan,nan,nan,nan,nan,nan,nan,nan,nan,nan,nan,False
37,0,concorde,0.17717361450195312,nan,2490,nan,nan,nan,nan,nan,nan,nan,nan,nan,nan,nan,nan,False
37,3,concorde,0.23112130165100098,nan,2325,nan,nan,nan,nan,nan,nan,nan,nan,nan,nan,nan,nan,False
37,2,concorde,0.24175548553466797,nan,2310,nan,nan,nan,nan,nan,nan,nan,nan,nan,nan,nan,nan,False
38,3,concorde,0.279111385345459,nan,2415,nan,nan,nan,nan,nan,nan,nan,nan,nan,nan,nan,nan,False
38,2,concorde,0.28939032554626465,nan,2325,nan,nan,nan,nan,nan,nan,nan,nan,nan,nan,nan,nan,False
38,1,concorde,0.307354211807251,nan,2535,nan,nan,nan,nan,nan,nan,nan,nan,nan,nan,nan,nan,False
38,0,concorde,0.29075193405151367,nan,2580,nan,nan,nan,nan,nan,nan,nan,nan,nan,nan,nan,nan,False
39,2,concorde,0.17182660102844238,nan,2415,nan,nan,nan,nan,nan,nan,nan,nan,nan,nan,nan,nan,False
39,0,concorde,0.2203512191772461,nan,2595,nan,nan,nan,nan,nan,nan,nan,nan,nan,nan,nan,nan,False
39,3,concorde,0.2125380039215088,nan,2430,nan,nan,nan,nan,nan,nan,nan,nan,nan,nan,nan,nan,False
39,1,concorde,0.23264837265014648,nan,2550,nan,nan,nan,nan,nan,nan,nan,nan,nan,nan,nan,nan,False
40,2,concorde,0.14298725128173828,nan,2460,nan,nan,nan,nan,nan,nan,nan,nan,nan,nan,nan,nan,False
40,3,concorde,0.2081456184387207,nan,2460,nan,nan,nan,nan,nan,nan,nan,nan,nan,nan,nan,nan,False
40,1,concorde,0.2133481502532959,nan,2565,nan,nan,nan,nan,nan,nan,nan,nan,nan,nan,nan,nan,False
40,0,concorde,0.24041509628295898,nan,2685,nan,nan,nan,nan,nan,nan,nan,nan,nan,nan,nan,nan,False
41,3,concorde,0.15486359596252441,nan,2490,nan,nan,nan,nan,nan,nan,nan,nan,nan,nan,nan,nan,False
41,2,concorde,0.2000281810760498,nan,2490,nan,nan,nan,nan,nan,nan,nan,nan,nan,nan,nan,nan,False
41,1,concorde,0.2231748104095459,nan,2610,nan,nan,nan,nan,nan,nan,nan,nan,nan,nan,nan,nan,False
41,0,concorde,0.2055492401123047,nan,2715,nan,nan,nan,nan,nan,nan,nan,nan,nan,nan,nan,nan,False
42,1,concorde,0.14679241180419922,nan,2700,nan,nan,nan,nan,nan,nan,nan,nan,nan,nan,nan,nan,False
42,0,concorde,0.13437294960021973,nan,2760,nan,nan,nan,nan,nan,nan,nan,nan,nan,nan,nan,nan,False
42,3,concorde,0.15021491050720215,nan,2580,nan,nan,nan,nan,nan,nan,nan,nan,nan,nan,nan,nan,False
42,2,concorde,0.24332761764526367,nan,2580,nan,nan,nan,nan,nan,nan,nan,nan,nan,nan,nan,nan,False
43,3,concorde,0.18296384811401367,nan,2595,nan,nan,nan,nan,nan,nan,nan,nan,nan,nan,nan,nan,False
43,1,concorde,0.20658469200134277,nan,2730,nan,nan,nan,nan,nan,nan,nan,nan,nan,nan,nan,nan,False
43,2,concorde,0.22724294662475586,nan,2610,nan,nan,nan,nan,nan,nan,nan,nan,nan,nan,nan,nan,False
43,0,concorde,0.23734760284423828,nan,2775,nan,nan,nan,nan,nan,nan,nan,nan,nan,nan,nan,nan,False
44,2,concorde,0.24077153205871582,nan,2625,nan,nan,nan,nan,nan,nan,nan,nan,nan,nan,nan,nan,False
44,1,concorde,0.24654674530029297,nan,2760,nan,nan,nan,nan,nan,nan,nan,nan,nan,nan,nan,nan,False
44,3,concorde,0.2507028579711914,nan,2685,nan,nan,nan,nan,nan,nan,nan,nan,nan,nan,nan,nan,False
44,0,concorde,0.24010658264160156,nan,2790,nan,nan,nan,nan,nan,nan,nan,nan,nan,nan,nan,nan,False
45,1,concorde,0.1504511833190918,nan,2775,nan,nan,nan,nan,nan,nan,nan,nan,nan,nan,nan,nan,False
45,2,concorde,0.20576763153076172,nan,2655,nan,nan,nan,nan,nan,nan,nan,nan,nan,nan,nan,nan,False
45,0,concorde,0.1746978759765625,nan,2805,nan,nan,nan,nan,nan,nan,nan,nan,nan,nan,nan,nan,False
45,3,concorde,0.2460005283355713,nan,2730,nan,nan,nan,nan,nan,nan,nan,nan,nan,nan,nan,nan,False
46,3,concorde,0.17829561233520508,nan,2745,nan,nan,nan,nan,nan,nan,nan,nan,nan,nan,nan,nan,False
46,1,concorde,0.22644567489624023,nan,2790,nan,nan,nan,nan,nan,nan,nan,nan,nan,nan,nan,nan,False
46,2,concorde,0.24436450004577637,nan,2670,nan,nan,nan,nan,nan,nan,nan,nan,nan,nan,nan,nan,False
46,0,concorde,0.23691201210021973,nan,2835,nan,nan,nan,nan,nan,nan,nan,nan,nan,nan,nan,nan,False
47,1,concorde,0.1961503028869629,nan,2805,nan,nan,nan,nan,nan,nan,nan,nan,nan,nan,nan,nan,False
47,2,concorde,0.2419133186340332,nan,2685,nan,nan,nan,nan,nan,nan,nan,nan,nan,nan,nan,nan,False
47,3,concorde,0.2477879524230957,nan,2835,nan,nan,nan,nan,nan,nan,nan,nan,nan,nan,nan,nan,False
47,0,concorde,0.22962212562561035,nan,2850,nan,nan,nan,nan,nan,nan,nan,nan,nan,nan,nan,nan,False
48,0,concorde,0.18804097175598145,nan,2865,nan,nan,nan,nan,nan,nan,nan,nan,nan,nan,nan,nan,False
48,3,concorde,0.20848417282104492,nan,2850,nan,nan,nan,nan,nan,nan,nan,nan,nan,nan,nan,nan,False
48,2,concorde,0.22879600524902344,nan,2715,nan,nan,nan,nan,nan,nan,nan,nan,nan,nan,nan,nan,False
48,1,concorde,0.24722027778625488,nan,2895,nan,nan,nan,nan,nan,nan,nan,nan,nan,nan,nan,nan,False
49,1,concorde,0.14803385734558105,nan,2925,nan,nan,nan,nan,nan,nan,nan,nan,nan,nan,nan,nan,False
49,2,concorde,0.19245624542236328,nan,2715,nan,nan,nan,nan,nan,nan,nan,nan,nan,nan,nan,nan,False
49,3,concorde,0.19145727157592773,nan,2865,nan,nan,nan,nan,nan,nan,nan,nan,nan,nan,nan,nan,False
49,0,concorde,0.17183160781860352,nan,2880,nan,nan,nan,nan,nan,nan,nan,nan,nan,nan,nan,nan,False
50,2,concorde,0.3013284206390381,nan,2730,nan,nan,nan,nan,nan,nan,nan,nan,nan,nan,nan,nan,False
50,1,concorde,0.31437158584594727,nan,2940,nan,nan,nan,nan,nan,nan,nan,nan,nan,nan,nan,nan,False
50,0,concorde,0.2685532569885254,nan,2970,nan,nan,nan,nan,nan,nan,nan,nan,nan,nan,nan,nan,False
50,3,concorde,0.6124334335327148,nan,2880,nan,nan,nan,nan,nan,nan,nan,nan,nan,nan,nan,nan,False
51,1,concorde,0.25085926055908203,nan,3030,nan,nan,nan,nan,nan,nan,nan,nan,nan,nan,nan,nan,False
51,2,concorde,0.309053897857666,nan,2820,nan,nan,nan,nan,nan,nan,nan,nan,nan,nan,nan,nan,False
51,3,concorde,0.3038790225982666,nan,2970,nan,nan,nan,nan,nan,nan,nan,nan,nan,nan,nan,nan,False
51,0,concorde,0.314800500869751,nan,2985,nan,nan,nan,nan,nan,nan,nan,nan,nan,nan,nan,nan,False
52,2,concorde,0.2726740837097168,nan,2835,nan,nan,nan,nan,nan,nan,nan,nan,nan,nan,nan,nan,False
52,1,concorde,0.3218259811401367,nan,3060,nan,nan,nan,nan,nan,nan,nan,nan,nan,nan,nan,nan,False
52,3,concorde,0.31923937797546387,nan,3120,nan,nan,nan,nan,nan,nan,nan,nan,nan,nan,nan,nan,False
52,0,concorde,0.35071659088134766,nan,3030,nan,nan,nan,nan,nan,nan,nan,nan,nan,nan,nan,nan,False
53,3,concorde,0.32654905319213867,nan,3135,nan,nan,nan,nan,nan,nan,nan,nan,nan,nan,nan,nan,False
53,1,concorde,0.3901357650756836,nan,3075,nan,nan,nan,nan,nan,nan,nan,nan,nan,nan,nan,nan,False
53,2,concorde,0.37175559997558594,nan,2925,nan,nan,nan,nan,nan,nan,nan,nan,nan,nan,nan,nan,False
53,0,concorde,0.3964087963104248,nan,3120,nan,nan,nan,nan,nan,nan,nan,nan,nan,nan,nan,nan,False
54,1,concorde,0.23345470428466797,nan,3090,nan,nan,nan,nan,nan,nan,nan,nan,nan,nan,nan,nan,False
54,3,concorde,0.3067505359649658,nan,3150,nan,nan,nan,nan,nan,nan,nan,nan,nan,nan,nan,nan,False
54,2,concorde,0.3476438522338867,nan,3015,nan,nan,nan,nan,nan,nan,nan,nan,nan,nan,nan,nan,False
54,0,concorde,0.35863280296325684,nan,3135,nan,nan,nan,nan,nan,nan,nan,nan,nan,nan,nan,nan,False
55,0,concorde,0.3813338279724121,nan,3150,nan,nan,nan,nan,nan,nan,nan,nan,nan,nan,nan,nan,False
55,1,concorde,0.36525607109069824,nan,3180,nan,nan,nan,nan,nan,nan,nan,nan,nan,nan,nan,nan,False
55,3,concorde,0.40828824043273926,nan,3240,nan,nan,nan,nan,nan,nan,nan,nan,nan,nan,nan,nan,False
55,2,concorde,0.7375409603118896,nan,3030,nan,nan,nan,nan,nan,nan,nan,nan,nan,nan,nan,nan,False
56,1,concorde,0.38485050201416016,nan,3195,nan,nan,nan,nan,nan,nan,nan,nan,nan,nan,nan,nan,False
56,0,concorde,0.3826456069946289,nan,3165,nan,nan,nan,nan,nan,nan,nan,nan,nan,nan,nan,nan,False
56,2,concorde,0.6613304615020752,nan,3045,nan,nan,nan,nan,nan,nan,nan,nan,nan,nan,nan,nan,False
56,3,concorde,0.7537648677825928,nan,3255,nan,nan,nan,nan,nan,nan,nan,nan,nan,nan,nan,nan,False
57,3,concorde,0.27076005935668945,nan,3345,nan,nan,nan,nan,nan,nan,nan,nan,nan,nan,nan,nan,False
57,1,concorde,0.3082244396209717,nan,3225,nan,nan,nan,nan,nan,nan,nan,nan,nan,nan,nan,nan,False
57,0,concorde,0.22310686111450195,nan,3195,nan,nan,nan,nan,nan,nan,nan,nan,nan,nan,nan,nan,False
57,2,concorde,0.44350123405456543,nan,3135,nan,nan,nan,nan,nan,nan,nan,nan,nan,nan,nan,nan,False
58,1,concorde,0.2491621971130371,nan,3240,nan,nan,nan,nan,nan,nan,nan,nan,nan,nan,nan,nan,False
58,2,concorde,0.31499695777893066,nan,3225,nan,nan,nan,nan,nan,nan,nan,nan,nan,nan,nan,nan,False
58,3,concorde,0.3540983200073242,nan,3375,nan,nan,nan,nan,nan,nan,nan,nan,nan,nan,nan,nan,False
58,0,concorde,0.341019868850708,nan,3285,nan,nan,nan,nan,nan,nan,nan,nan,nan,nan,nan,nan,False
59,1,concorde,0.20053410530090332,nan,3255,nan,nan,nan,nan,nan,nan,nan,nan,nan,nan,nan,nan,False
59,3,concorde,0.2704479694366455,nan,3405,nan,nan,nan,nan,nan,nan,nan,nan,nan,nan,nan,nan,False
59,0,concorde,0.3485560417175293,nan,3375,nan,nan,nan,nan,nan,nan,nan,nan,nan,nan,nan,nan,False
59,2,concorde,0.5484879016876221,nan,3240,nan,nan,nan,nan,nan,nan,nan,nan,nan,nan,nan,nan,False
60,1,concorde,0.2872645854949951,nan,3270,nan,nan,nan,nan,nan,nan,nan,nan,nan,nan,nan,nan,False
60,2,concorde,0.33371949195861816,nan,3255,nan,nan,nan,nan,nan,nan,nan,nan,nan,nan,nan,nan,False
60,3,concorde,0.34558534622192383,nan,3450,nan,nan,nan,nan,nan,nan,nan,nan,nan,nan,nan,nan,False
60,0,concorde,0.21977543830871582,nan,3405,nan,nan,nan,nan,nan,nan,nan,nan,nan,nan,nan,nan,False
61,1,concorde,0.40771007537841797,nan,3285,nan,nan,nan,nan,nan,nan,nan,nan,nan,nan,nan,nan,False
61,0,concorde,0.39795613288879395,nan,3450,nan,nan,nan,nan,nan,nan,nan,nan,nan,nan,nan,nan,False
61,2,concorde,0.4022798538208008,nan,3300,nan,nan,nan,nan,nan,nan,nan,nan,nan,nan,nan,nan,False
61,3,concorde,0.4140002727508545,nan,3480,nan,nan,nan,nan,nan,nan,nan,nan,nan,nan,nan,nan,False
62,3,concorde,0.18585848808288574,nan,3570,nan,nan,nan,nan,nan,nan,nan,nan,nan,nan,nan,nan,False
62,1,concorde,0.288867712020874,nan,3345,nan,nan,nan,nan,nan,nan,nan,nan,nan,nan,nan,nan,False
62,0,concorde,0.3262312412261963,nan,3480,nan,nan,nan,nan,nan,nan,nan,nan,nan,nan,nan,nan,False
62,2,concorde,0.2783315181732178,nan,3390,nan,nan,nan,nan,nan,nan,nan,nan,nan,nan,nan,nan,False
63,1,concorde,0.33959412574768066,nan,3360,nan,nan,nan,nan,nan,nan,nan,nan,nan,nan,nan,nan,False
63,2,concorde,0.3922247886657715,nan,3480,nan,nan,nan,nan,nan,nan,nan,nan,nan,nan,nan,nan,False
63,3,concorde,0.4342031478881836,nan,3585,nan,nan,nan,nan,nan,nan,nan,nan,nan,nan,nan,nan,False
63,0,concorde,0.35385894775390625,nan,3495,nan,nan,nan,nan,nan,nan,nan,nan,nan,nan,nan,nan,False
64,1,concorde,0.2865316867828369,nan,3450,nan,nan,nan,nan,nan,nan,nan,nan,nan,nan,nan,nan,False
64,3,concorde,0.3984260559082031,nan,3600,nan,nan,nan,nan,nan,nan,nan,nan,nan,nan,nan,nan,False
64,0,concorde,0.4215066432952881,nan,3510,nan,nan,nan,nan,nan,nan,nan,nan,nan,nan,nan,nan,False
64,2,concorde,0.36695098876953125,nan,3510,nan,nan,nan,nan,nan,nan,nan,nan,nan,nan,nan,nan,False
65,2,concorde,0.24055933952331543,nan,3600,nan,nan,nan,nan,nan,nan,nan,nan,nan,nan,nan,nan,False
65,0,concorde,0.380007266998291,nan,3510,nan,nan,nan,nan,nan,nan,nan,nan,nan,nan,nan,nan,False
65,1,concorde,0.48654890060424805,nan,3465,nan,nan,nan,nan,nan,nan,nan,nan,nan,nan,nan,nan,False
65,3,concorde,0.4354133605957031,nan,3615,nan,nan,nan,nan,nan,nan,nan,nan,nan,nan,nan,nan,False
66,3,concorde,0.45856666564941406,nan,3630,nan,nan,nan,nan,nan,nan,nan,nan,nan,nan,nan,nan,False
66,0,concorde,0.5110909938812256,nan,3600,nan,nan,nan,nan,nan,nan,nan,nan,nan,nan,nan,nan,False
66,2,concorde,0.5278463363647461,nan,3690,nan,nan,nan,nan,nan,nan,nan,nan,nan,nan,nan,nan,False
66,1,concorde,0.5766541957855225,nan,3555,nan,nan,nan,nan,nan,nan,nan,nan,nan,nan,nan,nan,False
67,1,concorde,0.3775975704193115,nan,3645,nan,nan,nan,nan,nan,nan,nan,nan,nan,nan,nan,nan,False
67,0,concorde,0.3907477855682373,nan,3615,nan,nan,nan,nan,nan,nan,nan,nan,nan,nan,nan,nan,False
67,2,concorde,0.5345728397369385,nan,3720,nan,nan,nan,nan,nan,nan,nan,nan,nan,nan,nan,nan,False
67,3,concorde,1.0145642757415771,nan,3645,nan,nan,nan,nan,nan,nan,nan,nan,nan,nan,nan,nan,False
68,2,concorde,0.22122740745544434,nan,3735,nan,nan,nan,nan,nan,nan,nan,nan,nan,nan,nan,nan,False
68,3,concorde,0.31365108489990234,nan,3675,nan,nan,nan,nan,nan,nan,nan,nan,nan,nan,nan,nan,False
68,1,concorde,0.4441704750061035,nan,3660,nan,nan,nan,nan,nan,nan,nan,nan,nan,nan,nan,nan,False
68,0,concorde,0.3656046390533447,nan,3660,nan,nan,nan,nan,nan,nan,nan,nan,nan,nan,nan,nan,False
69,2,concorde,0.38146376609802246,nan,3750,nan,nan,nan,nan,nan,nan,nan,nan,nan,nan,nan,nan,False
69,3,concorde,0.44957828521728516,nan,3765,nan,nan,nan,nan,nan,nan,nan,nan,nan,nan,nan,nan,False
69,0,concorde,0.46373438835144043,nan,3750,nan,nan,nan,nan,nan,nan,nan,nan,nan,nan,nan,nan,False
69,1,concorde,1.4220664501190186,nan,3675,nan,nan,nan,nan,nan,nan,nan,nan,nan,nan,nan,nan,False
70,1,concorde,0.4437105655670166,nan,3765,nan,nan,nan,nan,nan,nan,nan,nan,nan,nan,nan,nan,False
70,2,concorde,0.4932851791381836,nan,3765,nan,nan,nan,nan,nan,nan,nan,nan,nan,nan,nan,nan,False
70,0,concorde,0.5236551761627197,nan,3795,nan,nan,nan,nan,nan,nan,nan,nan,nan,nan,nan,nan,False
70,3,concorde,0.5324888229370117,nan,3780,nan,nan,nan,nan,nan,nan,nan,nan,nan,nan,nan,nan,False
71,1,concorde,0.3159935474395752,nan,3810,nan,nan,nan,nan,nan,nan,nan,nan,nan,nan,nan,nan,False
71,0,concorde,0.3783588409423828,nan,3810,nan,nan,nan,nan,nan,nan,nan,nan,nan,nan,nan,nan,False
71,2,concorde,0.48387694358825684,nan,3810,nan,nan,nan,nan,nan,nan,nan,nan,nan,nan,nan,nan,False
71,3,concorde,0.4994211196899414,nan,3810,nan,nan,nan,nan,nan,nan,nan,nan,nan,nan,nan,nan,False
6,2,pddl,0.7297613620758057,420,420,nan,nan,nan,nan,nan,nan,nan,nan,nan,nan,nan,nan,False
6,1,pddl,0.7274484634399414,390,390,nan,nan,nan,nan,nan,nan,nan,nan,nan,nan,nan,nan,False
6,0,pddl,0.7110364437103271,480,480,nan,nan,nan,nan,nan,nan,nan,nan,nan,nan,nan,nan,False
6,3,pddl,0.6993942260742188,390,390,nan,nan,nan,nan,nan,nan,nan,nan,nan,nan,nan,nan,False
7,1,pddl,0.21631574630737305,480,480,nan,nan,nan,nan,nan,nan,nan,nan,nan,nan,nan,nan,False
7,3,pddl,0.2255558967590332,480,480,nan,nan,nan,nan,nan,nan,nan,nan,nan,nan,nan,nan,False
7,2,pddl,0.24163460731506348,510,510,nan,nan,nan,nan,nan,nan,nan,nan,nan,nan,nan,nan,False
7,0,pddl,0.22188401222229004,570,570,nan,nan,nan,nan,nan,nan,nan,nan,nan,nan,nan,nan,False
8,1,pddl,0.3331587314605713,570,570,nan,nan,nan,nan,nan,nan,nan,nan,nan,nan,nan,nan,False
8,2,pddl,0.3356294631958008,585,585,nan,nan,nan,nan,nan,nan,nan,nan,nan,nan,nan,nan,False
8,3,pddl,0.3321528434753418,510,510,nan,nan,nan,nan,nan,nan,nan,nan,nan,nan,nan,nan,False
8,0,pddl,0.2747344970703125,660,660,nan,nan,nan,nan,nan,nan,nan,nan,nan,nan,nan,nan,False
9,1,pddl,0.42333555221557617,660,660,nan,nan,nan,nan,nan,nan,nan,nan,nan,nan,nan,nan,False
9,2,pddl,0.42731666564941406,600,600,nan,nan,nan,nan,nan,nan,nan,nan,nan,nan,nan,nan,False
9,0,pddl,0.4139842987060547,690,690,nan,nan,nan,nan,nan,nan,nan,nan,nan,nan,nan,nan,False
9,3,pddl,0.4552152156829834,600,600,nan,nan,nan,nan,nan,nan,nan,nan,nan,nan,nan,nan,False
10,1,pddl,0.7466189861297607,810,810,nan,nan,nan,nan,nan,nan,nan,nan,nan,nan,nan,nan,False
10,2,pddl,0.7672748565673828,690,690,nan,nan,nan,nan,nan,nan,nan,nan,nan,nan,nan,nan,False
10,0,pddl,0.7304432392120361,780,780,nan,nan,nan,nan,nan,nan,nan,nan,nan,nan,nan,nan,False
10,3,pddl,0.7693357467651367,690,690,nan,nan,nan,nan,nan,nan,nan,nan,nan,nan,nan,nan,False
11,1,pddl,1.214120864868164,900,900,nan,nan,nan,nan,nan,nan,nan,nan,nan,nan,nan,nan,False
11,2,pddl,1.241844892501831,735,735,nan,nan,nan,nan,nan,nan,nan,nan,nan,nan,nan,nan,False
11,3,pddl,1.2858223915100098,795,795,nan,nan,nan,nan,nan,nan,nan,nan,nan,nan,nan,nan,False
11,0,pddl,1.2603018283843994,870,870,nan,nan,nan,nan,nan,nan,nan,nan,nan,nan,nan,nan,False
12,1,pddl,2.6903340816497803,990,990,nan,nan,nan,nan,nan,nan,nan,nan,nan,nan,nan,nan,False
12,2,pddl,2.727163076400757,810,810,nan,nan,nan,nan,nan,nan,nan,nan,nan,nan,nan,nan,False
12,3,pddl,2.798304319381714,855,855,nan,nan,nan,nan,nan,nan,nan,nan,nan,nan,nan,nan,False
12,0,pddl,2.8173491954803467,960,960,nan,nan,nan,nan,nan,nan,nan,nan,nan,nan,nan,nan,False
13,1,pddl,6.268732309341431,1080,1080,nan,nan,nan,nan,nan,nan,nan,nan,nan,nan,nan,nan,False
13,2,pddl,6.378777980804443,900,900,nan,nan,nan,nan,nan,nan,nan,nan,nan,nan,nan,nan,False
13,0,pddl,6.6223554611206055,1035,1035,nan,nan,nan,nan,nan,nan,nan,nan,nan,nan,nan,nan,False
13,3,pddl,6.65182638168335,945,945,nan,nan,nan,nan,nan,nan,nan,nan,nan,nan,nan,nan,False
14,1,pddl,15.372766017913818,1125,1125,nan,nan,nan,nan,nan,nan,nan,nan,nan,nan,nan,nan,False
14,3,pddl,15.733529567718506,975,975,nan,nan,nan,nan,nan,nan,nan,nan,nan,nan,nan,nan,False
14,2,pddl,15.752789497375488,945,945,nan,nan,nan,nan,nan,nan,nan,nan,nan,nan,nan,nan,False
14,0,pddl,15.736572742462158,1065,1065,nan,nan,nan,nan,nan,nan,nan,nan,nan,nan,nan,nan,False
15,1,pddl,36.46139335632324,1155,1155,nan,nan,nan,nan,nan,nan,nan,nan,nan,nan,nan,nan,False
15,2,pddl,37.08486461639404,1035,1035,nan,nan,nan,nan,nan,nan,nan,nan,nan,nan,nan,nan,False
15,3,pddl,37.27302432060242,1065,1065,nan,nan,nan,nan,nan,nan,nan,nan,nan,nan,nan,nan,False
15,0,pddl,37.36870312690735,1080,1080,nan,nan,nan,nan,nan,nan,nan,nan,nan,nan,nan,nan,False
16,1,pddl,86.57482743263245,1245,1245,nan,nan,nan,nan,nan,nan,nan,nan,nan,nan,nan,nan,False
16,3,pddl,87.93316793441772,1080,1080,nan,nan,nan,nan,nan,nan,nan,nan,nan,nan,nan,nan,False
16,0,pddl,88.25317049026489,1170,1170,nan,nan,nan,nan,nan,nan,nan,nan,nan,nan,nan,nan,False
16,2,pddl,88.7161877155304,1515,1515,nan,nan,nan,nan,nan,nan,nan,nan,nan,nan,nan,nan,False
17,1,pddl,206.84665155410767,1335,1335,nan,nan,nan,nan,nan,nan,nan,nan,nan,nan,nan,nan,False
17,3,pddl,207.48310375213623,1110,1110,nan,nan,nan,nan,nan,nan,nan,nan,nan,nan,nan,nan,False
17,0,pddl,207.65090107917786,1245,1245,nan,nan,nan,nan,nan,nan,nan,nan,nan,nan,nan,nan,False
17,2,pddl,209.18123412132263,1605,1605,nan,nan,nan,nan,nan,nan,nan,nan,nan,nan,nan,nan,False
18,2,pddl,472.83646416664124,1665,1665,nan,nan,nan,nan,nan,nan,nan,nan,nan,nan,nan,nan,False
18,3,pddl,476.98180174827576,1125,1125,nan,nan,nan,nan,nan,nan,nan,nan,nan,nan,nan,nan,False
18,0,pddl,479.96288776397705,1335,1335,nan,nan,nan,nan,nan,nan,nan,nan,nan,nan,nan,nan,False
18,1,pddl,473.35750818252563,1365,1365,nan,nan,nan,nan,nan,nan,nan,nan,nan,nan,nan,nan,False
19,2,pddl,600.83646416664124,-1,0,nan,nan,nan,nan,nan,nan,nan,nan,nan,nan,nan,nan,True
19,3,pddl,600.98180174827576,-1,0,nan,nan,nan,nan,nan,nan,nan,nan,nan,nan,nan,nan,True
19,0,pddl,600.96288776397705,-1,0,nan,nan,nan,nan,nan,nan,nan,nan,nan,nan,nan,nan,True
19,1,pddl,600.35750818252563,-1,0,nan,nan,nan,nan,nan,nan,nan,nan,nan,nan,nan,nan,True
6,0,ilp,0.6044669151306152,nan,480,nan,nan,nan,nan,nan,nan,nan,nan,nan,nan,42,252,False
6,3,ilp,0.6330084800720215,nan,390,nan,nan,nan,nan,nan,nan,nan,nan,nan,nan,42,252,False
6,1,ilp,0.6483781337738037,nan,390,nan,nan,nan,nan,nan,nan,nan,nan,nan,nan,42,252,False
6,2,ilp,0.6399543285369873,nan,420,nan,nan,nan,nan,nan,nan,nan,nan,nan,nan,42,252,False
7,3,ilp,0.42501091957092285,nan,480,nan,nan,nan,nan,nan,nan,nan,nan,nan,nan,56,508,False
7,0,ilp,0.40840578079223633,nan,570,nan,nan,nan,nan,nan,nan,nan,nan,nan,nan,56,508,False
7,1,ilp,0.4498114585876465,nan,480,nan,nan,nan,nan,nan,nan,nan,nan,nan,nan,56,508,False
7,2,ilp,0.4485175609588623,nan,510,nan,nan,nan,nan,nan,nan,nan,nan,nan,nan,56,508,False
8,1,ilp,0.7818591594696045,nan,570,nan,nan,nan,nan,nan,nan,nan,nan,nan,nan,72,1020,False
8,3,ilp,0.7545750141143799,nan,510,nan,nan,nan,nan,nan,nan,nan,nan,nan,nan,72,1020,False
8,0,ilp,0.8405992984771729,nan,660,nan,nan,nan,nan,nan,nan,nan,nan,nan,nan,72,1020,False
8,2,ilp,0.8113226890563965,nan,585,nan,nan,nan,nan,nan,nan,nan,nan,nan,nan,72,1020,False
9,3,ilp,1.8079895973205566,nan,600,nan,nan,nan,nan,nan,nan,nan,nan,nan,nan,90,2044,False
9,2,ilp,1.9543259143829346,nan,600,nan,nan,nan,nan,nan,nan,nan,nan,nan,nan,90,2044,False
9,0,ilp,1.9547927379608154,nan,690,nan,nan,nan,nan,nan,nan,nan,nan,nan,nan,90,2044,False
9,1,ilp,2.0146961212158203,nan,660,nan,nan,nan,nan,nan,nan,nan,nan,nan,nan,90,2044,False
10,2,ilp,3.2926902770996094,nan,690,nan,nan,nan,nan,nan,nan,nan,nan,nan,nan,110,4092,False
10,1,ilp,3.610163927078247,nan,810,nan,nan,nan,nan,nan,nan,nan,nan,nan,nan,110,4092,False
10,3,ilp,3.5926241874694824,nan,690,nan,nan,nan,nan,nan,nan,nan,nan,nan,nan,110,4092,False
10,0,ilp,3.642435312271118,nan,780,nan,nan,nan,nan,nan,nan,nan,nan,nan,nan,110,4092,False
11,2,ilp,7.1913251876831055,nan,735,nan,nan,nan,nan,nan,nan,nan,nan,nan,nan,132,8188,False
11,3,ilp,7.375463962554932,nan,795,nan,nan,nan,nan,nan,nan,nan,nan,nan,nan,132,8188,False
11,1,ilp,7.413147687911987,nan,900,nan,nan,nan,nan,nan,nan,nan,nan,nan,nan,132,8188,False
11,0,ilp,7.797265529632568,nan,870,nan,nan,nan,nan,nan,nan,nan,nan,nan,nan,132,8188,False
12,0,ilp,15.517475843429565,nan,960,nan,nan,nan,nan,nan,nan,nan,nan,nan,nan,156,16380,False
12,2,ilp,15.911172151565552,nan,810,nan,nan,nan,nan,nan,nan,nan,nan,nan,nan,156,16380,False
12,3,ilp,16.097075700759888,nan,855,nan,nan,nan,nan,nan,nan,nan,nan,nan,nan,156,16380,False
12,1,ilp,16.204836130142212,nan,990,nan,nan,nan,nan,nan,nan,nan,nan,nan,nan,156,16380,False
13,0,ilp,35.57870006561279,nan,1035,nan,nan,nan,nan,nan,nan,nan,nan,nan,nan,182,32764,False
13,1,ilp,35.87720990180969,nan,1080,nan,nan,nan,nan,nan,nan,nan,nan,nan,nan,182,32764,False
13,3,ilp,36.01009440422058,nan,945,nan,nan,nan,nan,nan,nan,nan,nan,nan,nan,182,32764,False
13,2,ilp,36.468764781951904,nan,900,nan,nan,nan,nan,nan,nan,nan,nan,nan,nan,182,32764,False
14,2,ilp,78.07208156585693,nan,945,nan,nan,nan,nan,nan,nan,nan,nan,nan,nan,210,65532,False
14,0,ilp,82.715749502182,nan,1065,nan,nan,nan,nan,nan,nan,nan,nan,nan,nan,210,65532,False
14,3,ilp,83.59395742416382,nan,975,nan,nan,nan,nan,nan,nan,nan,nan,nan,nan,210,65532,False
14,1,ilp,85.78977036476135,nan,1125,nan,nan,nan,nan,nan,nan,nan,nan,nan,nan,210,65532,False
15,3,ilp,185.46120977401733,nan,1065,nan,nan,nan,nan,nan,nan,nan,nan,nan,nan,240,131068,False
15,1,ilp,186.927099943161,nan,1155,nan,nan,nan,nan,nan,nan,nan,nan,nan,nan,240,131068,False
15,2,ilp,190.55819058418274,nan,1035,nan,nan,nan,nan,nan,nan,nan,nan,nan,nan,240,131068,False
15,0,ilp,191.46168446540833,nan,1080,nan,nan,nan,nan,nan,nan,nan,nan,nan,nan,240,131068,False
16,3,ilp,409.18871998786926,nan,1080,nan,nan,nan,nan,nan,nan,nan,nan,nan,nan,272,262140,False
16,0,ilp,413.3065438270569,nan,1170,nan,nan,nan,nan,nan,nan,nan,nan,nan,nan,272,262140,False
16,1,ilp,423.038711309433,nan,1245,nan,nan,nan,nan,nan,nan,nan,nan,nan,nan,272,262140,False
16,2,ilp,432.04255294799805,nan,1515,nan,nan,nan,nan,nan,nan,nan,nan,nan,nan,272,262140,False
17,3,ilp,600.18871998786926,nan,0,nan,nan,nan,nan,nan,nan,nan,nan,nan,nan,-1,-1,True
17,0,ilp,600.3065438270569,nan,0,nan,nan,nan,nan,nan,nan,nan,nan,nan,nan,-1,-1,True
17,1,ilp,600.038711309433,nan,0,nan,nan,nan,nan,nan,nan,nan,nan,nan,nan,-1,-1,True
17,2,ilp,600.04255294799805,nan,0,nan,nan,nan,nan,nan,nan,nan,nan,nan,nan,-1,-1,True
6,0,lp_perfect,0.2376868724822998,480,480,652,nan,nan,False
6,3,lp_perfect,0.23234033584594727,-1,390,592,nan,nan,False
6,3,lp_perfect,0.21000194549560547,-1,390,592,nan,nan,False
6,0,lp_perfect,0.27610278129577637,480,480,652,nan,nan,False
6,0,lp_perfect,0.1957390308380127,480,480,652,nan,nan,False
6,3,lp_perfect,0.2597382068634033,-1,390,592,nan,nan,False
6,0,lp_perfect,0.21956586837768555,480,480,640,nan,nan,False
6,3,lp_perfect,0.18894195556640625,390,390,582,nan,nan,False
6,3,lp_perfect,0.15599560737609863,390,390,582,nan,nan,False
6,0,lp_perfect,0.23702716827392578,480,480,640,nan,nan,False
6,2,lp_perfect,0.15813398361206055,420,420,595,nan,nan,False
6,3,lp_perfect,0.2114717960357666,390,390,564,nan,nan,False
6,0,lp_perfect,0.26847410202026367,480,480,622,nan,nan,False
6,1,lp_perfect,0.19747686386108398,510,510,508,nan,nan,False
7,3,lp_perfect,0.16523504257202148,480,480,712,nan,nan,False
7,1,lp_perfect,0.1752307415008545,600,600,662,nan,nan,False
7,0,lp_perfect,0.28223729133605957,570,570,786,nan,nan,False
7,2,lp_perfect,0.2012338638305664,510,510,759,nan,nan,False
8,1,lp_perfect,0.26399683952331543,690,690,841,nan,nan,False
8,3,lp_perfect,0.18100333213806152,510,510,855,nan,nan,False
8,2,lp_perfect,0.2200002670288086,585,585,955,nan,nan,False
8,0,lp_perfect,0.256000280380249,660,660,966,nan,nan,False
9,0,lp_perfect,0.2539999485015869,690,690,1182,nan,nan,False
9,2,lp_perfect,0.24234390258789062,600,600,1195,nan,nan,False
9,3,lp_perfect,0.21834421157836914,600,600,1047,nan,nan,False
9,1,lp_perfect,0.2623453140258789,780,780,1076,nan,nan,False
10,2,lp_perfect,0.2110002040863037,690,690,1405,nan,nan,False
10,1,lp_perfect,0.20694947242736816,1260,1260,1278,nan,nan,False
10,3,lp_perfect,0.27193784713745117,690,690,1257,nan,nan,False
10,0,lp_perfect,0.20394158363342285,780,780,1344,nan,nan,False
11,1,lp_perfect,0.23668837547302246,1350,1350,1500,nan,nan,False
11,0,lp_perfect,0.2666923999786377,870,870,1631,nan,nan,False
11,3,lp_perfect,0.2496950626373291,795,795,1540,nan,nan,False
11,2,lp_perfect,0.25266385078430176,735,735,1649,nan,nan,False
12,0,lp_perfect,0.24567508697509766,960,960,1923,nan,nan,False
12,1,lp_perfect,0.19681930541992188,1440,1440,1807,nan,nan,False
12,3,lp_perfect,0.2314162254333496,855,855,1818,nan,nan,False
12,2,lp_perfect,0.2704188823699951,810,810,1897,nan,nan,False
13,1,lp_perfect,0.22900009155273438,1530,1530,2083,nan,nan,False
13,0,lp_perfect,0.26700377464294434,1035,1035,2209,nan,nan,False
13,3,lp_perfect,0.2239983081817627,945,945,2090,nan,nan,False
13,2,lp_perfect,0.23099708557128906,900,900,2157,nan,nan,False
14,1,lp_perfect,0.27431178092956543,1575,1575,2421,nan,nan,False
14,2,lp_perfect,0.2719402313232422,945,945,2473,nan,nan,False
14,3,lp_perfect,0.28336668014526367,975,975,2424,nan,nan,False
14,0,lp_perfect,0.2603895664215088,1065,1065,2469,nan,nan,False
6,2,lp_perfect,0.17840027809143066,420,420,601,nan,nan,False
6,1,lp_perfect,0.20440077781677246,510,510,514,nan,nan,False
6,0,lp_perfect,0.23840069770812988,480,480,628,nan,nan,False
6,3,lp_perfect,0.22364544868469238,390,390,570,nan,nan,False
7,2,lp_perfect,0.18101048469543457,510,510,766,nan,nan,False
7,0,lp_perfect,0.21003270149230957,570,570,793,nan,nan,False
7,3,lp_perfect,0.18004941940307617,480,480,719,nan,nan,False
7,1,lp_perfect,0.2650473117828369,600,600,669,nan,nan,False
8,2,lp_perfect,0.18899965286254883,585,585,963,nan,nan,False
8,3,lp_perfect,0.1770031452178955,510,510,863,nan,nan,False
8,0,lp_perfect,0.24300026893615723,660,660,974,nan,nan,False
8,1,lp_perfect,0.21500039100646973,690,690,849,nan,nan,False
9,1,lp_perfect,0.25427699089050293,780,780,1085,nan,nan,False
9,2,lp_perfect,0.22057509422302246,600,600,1204,nan,nan,False
9,0,lp_perfect,0.28461503982543945,690,690,1191,nan,nan,False
9,3,lp_perfect,0.13459491729736328,600,600,1056,nan,nan,False
10,0,lp_perfect,0.26038384437561035,780,780,1354,nan,nan,False
10,1,lp_perfect,0.21738219261169434,1260,1260,1288,nan,nan,False
10,2,lp_perfect,0.26116347312927246,690,690,1415,nan,nan,False
10,3,lp_perfect,0.2393360137939453,690,690,1267,nan,nan,False
11,1,lp_perfect,0.19830989837646484,1350,1350,1511,nan,nan,False
11,2,lp_perfect,0.17528724670410156,735,735,1660,nan,nan,False
11,0,lp_perfect,0.19730734825134277,870,870,1642,nan,nan,False
11,3,lp_perfect,0.17230987548828125,795,795,1551,nan,nan,False
12,0,lp_perfect,0.22194719314575195,960,960,1935,nan,nan,False
12,1,lp_perfect,0.2523345947265625,1440,1440,1819,nan,nan,False
12,3,lp_perfect,0.24731016159057617,855,855,1830,nan,nan,False
12,2,lp_perfect,0.2726094722747803,810,810,1909,nan,nan,False
13,0,lp_perfect,0.16801190376281738,1035,1035,2222,nan,nan,False
13,2,lp_perfect,0.2349991798400879,900,900,2170,nan,nan,False
13,3,lp_perfect,0.22900056838989258,945,945,2103,nan,nan,False
13,1,lp_perfect,0.24500060081481934,1530,1530,2096,nan,nan,False
14,0,lp_perfect,0.24199891090393066,1065,1065,2483,nan,nan,False
14,3,lp_perfect,0.23599815368652344,975,975,2438,nan,nan,False
14,1,lp_perfect,0.29799938201904297,1575,1575,2435,nan,nan,False
14,2,lp_perfect,0.23299956321716309,945,945,2487,nan,nan,False
15,1,lp_perfect,0.326002836227417,1605,1605,2735,nan,nan,False
15,3,lp_perfect,0.29702115058898926,1065,1065,2763,nan,nan,False
15,2,lp_perfect,0.31002306938171387,1035,1035,2838,nan,nan,False
15,0,lp_perfect,0.36202406883239746,1080,1080,2870,nan,nan,False
16,0,lp_perfect,0.25517988204956055,1170,1170,3289,nan,nan,False
16,1,lp_perfect,0.2615807056427002,1695,1695,3068,nan,nan,False
16,3,lp_perfect,0.3115718364715576,1080,1080,3114,nan,nan,False
16,2,lp_perfect,0.3095846176147461,1515,1515,3169,nan,nan,False
17,1,lp_perfect,0.3438680171966553,1785,1785,3510,nan,nan,False
17,0,lp_perfect,0.4712405204772949,1245,1245,3632,nan,nan,False
17,3,lp_perfect,0.3142411708831787,1110,1110,3499,nan,nan,False
17,2,lp_perfect,0.39324474334716797,1605,1605,3637,nan,nan,False
6,1,lp_perfect,0.1753239631652832,510,510,520,nan,nan,False
6,3,lp_perfect,0.17784595489501953,390,390,576,nan,nan,False
6,0,lp_perfect,0.19684195518493652,480,480,634,nan,nan,False
6,2,lp_perfect,0.20882153511047363,420,420,607,nan,nan,False
7,0,lp_perfect,0.18199920654296875,570,570,800,nan,nan,False
7,2,lp_perfect,0.24499845504760742,510,510,773,nan,nan,False
7,3,lp_perfect,0.17600274085998535,480,480,726,nan,nan,False
7,1,lp_perfect,0.27900004386901855,600,600,676,nan,nan,False
8,3,lp_perfect,0.18799901008605957,510,510,871,nan,nan,False
8,2,lp_perfect,0.18600177764892578,585,585,971,nan,nan,False
8,1,lp_perfect,0.26799750328063965,690,690,857,nan,nan,False
8,0,lp_perfect,0.20499706268310547,660,660,982,nan,nan,False
9,1,lp_perfect,0.2744765281677246,780,780,1094,nan,nan,False
9,3,lp_perfect,0.19862914085388184,600,600,1065,nan,nan,False
9,0,lp_perfect,0.2186450958251953,690,690,1200,nan,nan,False
9,2,lp_perfect,0.25548505783081055,600,600,1213,nan,nan,False
10,0,lp_perfect,0.2106931209564209,780,780,1364,nan,nan,False
10,1,lp_perfect,0.1775047779083252,1260,1260,1298,nan,nan,False
10,3,lp_perfect,0.20563888549804688,690,690,1277,nan,nan,False
10,2,lp_perfect,0.2736318111419678,690,690,1425,nan,nan,False
11,0,lp_perfect,0.27777647972106934,870,870,1653,nan,nan,False
11,2,lp_perfect,0.18277668952941895,735,735,1671,nan,nan,False
11,3,lp_perfect,0.21477484703063965,795,795,1562,nan,nan,False
11,1,lp_perfect,0.29276180267333984,1350,1350,1522,nan,nan,False
6,0,lp_perfect,0.25800085067749023,480,480,640,nan,nan,False
6,3,lp_perfect,0.19600296020507812,390,390,582,nan,nan,False
6,0,lp_perfect,0.2305769920349121,480,480,652,nan,nan,False
6,3,lp_perfect,0.19263815879821777,-1,390,592,nan,nan,False
6,2,lp_perfect,0.21663260459899902,-1,420,625,nan,nan,False
6,1,lp_perfect,0.21961116790771484,-1,510,537,nan,nan,False
7,0,lp_perfect,0.2490077018737793,570,570,819,nan,nan,False
7,3,lp_perfect,0.19899749755859375,-2,480,744,nan,nan,False
7,1,lp_perfect,0.23099565505981445,-1,600,695,nan,nan,False
7,2,lp_perfect,0.2380080223083496,-1,510,792,nan,nan,False
8,1,lp_perfect,0.2222745418548584,-2,690,878,nan,nan,False
8,0,lp_perfect,0.2182772159576416,660,660,1002,nan,nan,False
8,2,lp_perfect,0.2852768898010254,-1,585,991,nan,nan,False
8,3,lp_perfect,0.3412816524505615,-2,510,892,nan,nan,False
9,0,lp_perfect,0.2819702625274658,-1,690,1224,nan,nan,False
9,1,lp_perfect,0.32096385955810547,-2,795,1118,nan,nan,False
9,3,lp_perfect,0.3029615879058838,-2,600,1087,nan,nan,False
9,2,lp_perfect,0.30596208572387695,-2,600,1237,nan,nan,False
10,0,lp_perfect,0.22797250747680664,-1,780,1391,nan,nan,False
10,3,lp_perfect,0.18300175666809082,-2,690,1301,nan,nan,False
10,1,lp_perfect,0.2129981517791748,-2,1275,1325,nan,nan,False
10,2,lp_perfect,0.25099635124206543,-3,690,1451,nan,nan,False
11,0,lp_perfect,0.24431419372558594,-1,870,1683,nan,nan,False
11,3,lp_perfect,0.2794981002807617,-2,795,1589,nan,nan,False
11,1,lp_perfect,0.28049564361572266,-2,1365,1550,nan,nan,False
11,2,lp_perfect,0.31914782524108887,-3,735,1699,nan,nan,False
12,1,lp_perfect,0.236802339553833,-2,1455,1862,nan,nan,False
12,2,lp_perfect,0.20299959182739258,-4,810,1951,nan,nan,False
12,3,lp_perfect,0.20502018928527832,-3,855,1872,nan,nan,False
12,0,lp_perfect,0.31100034713745117,-1,960,1978,nan,nan,False
13,3,lp_perfect,0.22822952270507812,-3,945,2148,nan,nan,False
13,1,lp_perfect,0.254227876663208,-2,1530,2141,nan,nan,False
13,2,lp_perfect,0.2604978084564209,-4,900,2214,nan,nan,False
13,0,lp_perfect,0.2757437229156494,-2,1050,2269,nan,nan,False
14,0,lp_perfect,0.2787325382232666,-2,1080,2534,nan,nan,False
14,1,lp_perfect,0.29799985885620117,-2,1575,2483,nan,nan,False
14,3,lp_perfect,0.2740161418914795,-4,990,2495,nan,nan,False
14,2,lp_perfect,0.29300475120544434,-4,945,2534,nan,nan,False
15,1,lp_perfect,0.41193389892578125,-2,1605,2787,nan,nan,False
15,0,lp_perfect,0.42283034324645996,-3,1095,2927,nan,nan,False
15,2,lp_perfect,0.37582921981811523,-4,1035,2887,nan,nan,False
15,3,lp_perfect,0.43649768829345703,-4,1080,2823,nan,nan,False
16,0,lp_perfect,0.33067822456359863,-3,1185,3348,nan,nan,False
16,2,lp_perfect,0.3537311553955078,-4,1515,3222,nan,nan,False
16,1,lp_perfect,0.36272120475769043,-2,1695,3123,nan,nan,False
16,3,lp_perfect,0.37328314781188965,-4,1095,3180,nan,nan,False
17,1,lp_perfect,0.2838466167449951,-2,1785,3569,nan,nan,False
17,2,lp_perfect,0.2777879238128662,-4,1605,3694,nan,nan,False
17,0,lp_perfect,0.3487868309020996,-4,1275,3694,nan,nan,False
17,3,lp_perfect,0.4047873020172119,-5,1125,3569,nan,nan,False
18,0,lp_perfect,0.2649965286254883,-5,1350,4058,nan,nan,False
18,1,lp_perfect,0.26447606086730957,-2,1815,3981,nan,nan,False
18,2,lp_perfect,0.2914745807647705,-5,1665,4079,nan,nan,False
18,3,lp_perfect,0.522740364074707,-6,1140,3976,nan,nan,False
19,0,lp_perfect,0.33800172805786133,-5,1440,4482,nan,nan,False
19,1,lp_perfect,0.3110017776489258,-3,1830,4443,nan,nan,False
19,2,lp_perfect,0.377993106842041,-6,1680,4502,nan,nan,False
19,3,lp_perfect,0.567185640335083,-6,1230,4508,nan,nan,False
20,0,lp_perfect,0.29799699783325195,-6,1545,4888,nan,nan,False
20,2,lp_perfect,0.22493934631347656,-6,1770,5058,nan,nan,False
20,1,lp_perfect,0.31095218658447266,-4,1875,4850,nan,nan,False
20,3,lp_perfect,0.5515320301055908,-7,1320,4903,nan,nan,False
21,1,lp_perfect,0.3554854393005371,-5,1890,5321,nan,nan,False
21,2,lp_perfect,0.43939733505249023,-7,1785,5604,nan,nan,False
21,0,lp_perfect,0.5721402168273926,-6,1620,5322,nan,nan,False
21,3,lp_perfect,0.7760818004608154,-8,1410,5316,nan,nan,False
22,2,lp_perfect,0.30356454849243164,-8,1800,6129,nan,nan,False
22,0,lp_perfect,0.4508981704711914,-7,1710,5758,nan,nan,False
22,1,lp_perfect,0.5658891201019287,-5,1920,5846,nan,nan,False
22,3,lp_perfect,0.6863136291503906,-8,1485,5822,nan,nan,False
23,1,lp_perfect,0.4873805046081543,-6,1965,6377,nan,nan,False
23,2,lp_perfect,0.5713796615600586,-9,1890,6592,nan,nan,False
23,0,lp_perfect,0.8321592807769775,-8,1725,6342,nan,nan,False
23,3,lp_perfect,1.2985920906066895,-8,1530,6294,nan,nan,False
24,1,lp_perfect,0.6579062938690186,-7,2010,6854,nan,nan,False
24,0,lp_perfect,0.8566181659698486,-9,1755,6891,nan,nan,False
24,2,lp_perfect,0.9437494277954102,-9,1995,7280,nan,nan,False
24,3,lp_perfect,1.2867860794067383,-8,1620,6836,nan,nan,False
25,1,lp_perfect,0.858506441116333,-7,2115,7542,nan,nan,False
25,0,lp_perfect,1.021129846572876,-10,1860,7379,nan,nan,False
25,2,lp_perfect,1.4666283130645752,-10,2085,7779,nan,nan,False
25,3,lp_perfect,1.5436432361602783,-8,1710,7396,nan,nan,False
26,0,lp_perfect,0.5314862728118896,-11,1920,7938,nan,nan,False
26,1,lp_perfect,1.3295650482177734,-8,2130,8172,nan,nan,False
26,2,lp_perfect,1.835557460784912,-11,2115,8384,nan,nan,False
26,3,lp_perfect,1.7975664138793945,-9,1770,8003,nan,nan,False
27,0,lp_perfect,0.989008903503418,-11,1920,8562,nan,nan,False
27,1,lp_perfect,1.9115240573883057,-8,2220,8833,nan,nan,False
27,3,lp_perfect,2.447439193725586,-9,1830,8647,nan,nan,False
27,2,lp_perfect,3.050436019897461,-12,2130,9092,nan,nan,False
28,0,lp_perfect,1.305448293685913,-11,2400,9200,nan,nan,False
28,1,lp_perfect,1.9864492416381836,-9,2310,9378,nan,nan,False
28,3,lp_perfect,4.029403448104858,-9,1845,9292,nan,nan,False
28,2,lp_perfect,5.929806470870972,-13,2145,9760,nan,nan,False
29,0,lp_perfect,3.0304815769195557,-11,2460,9929,nan,nan,False
29,1,lp_perfect,5.5711586475372314,-9,2400,9964,nan,nan,False
29,3,lp_perfect,6.139820098876953,-9,1935,9944,nan,nan,False
29,2,lp_perfect,8.161429405212402,-13,2235,10517,nan,nan,False
30,0,lp_perfect,0.9632692337036133,-11,2520,10704,nan,nan,False
30,1,lp_perfect,8.201244354248047,-9,2490,10680,nan,nan,False
30,3,lp_perfect,13.742127895355225,-10,1995,10651,nan,nan,False
30,2,lp_perfect,24.775709867477417,-14,2250,11232,nan,nan,False
31,0,lp_perfect,2.2946391105651855,-11,2550,11529,nan,nan,False
31,1,lp_perfect,8.694278478622437,-10,2520,11395,nan,nan,False
31,2,lp_perfect,25.458061933517456,-14,2310,12061,nan,nan,False
31,3,lp_perfect,39.293092489242554,-11,2010,11394,nan,nan,False
32,0,lp_perfect,0.900996208190918,-12,2565,12236,nan,nan,False
32,1,lp_perfect,29.04939031600952,-11,2580,12184,nan,nan,False
32,2,lp_perfect,32.147350788116455,-14,2340,12778,nan,nan,False
32,3,lp_perfect,142.61712050437927,-12,2040,12174,nan,nan,False
33,0,lp_perfect,3.584057331085205,-12,2655,13226,nan,nan,False
33,2,lp_perfect,113.82215285301208,-15,2355,13691,nan,nan,False
33,1,lp_perfect,146.38245511054993,-11,2595,12967,nan,nan,False
33,3,lp_perfect,365.5079746246338,-13,2055,12953,nan,nan,False
34,0,lp_perfect,11.49189019203186,-12,2430,14334,nan,nan,False
34,3,lp_perfect,601.2061808109283,-1,0,-1,nan,nan,True
34,1,lp_perfect,601.2971775531769,-1,0,-1,nan,nan,True
34,2,lp_perfect,601.2101786136627,-1,0,-1,nan,nan,True
35,0,lp_perfect,6.212284326553345,-12,2760,14722,nan,nan,False
35,1,lp_perfect,255.25744557380676,-12,2745,14672,nan,nan,False
35,2,lp_perfect,407.953941822052,-16,2490,15477,nan,nan,False
35,3,lp_perfect,600.979630947113,-1,0,-1,nan,nan,True
36,0,lp_perfect,7.032526016235352,-12,2775,15578,nan,nan,False
36,1,lp_perfect,320.86133551597595,-12,2835,15524,nan,nan,False
36,2,lp_perfect,447.6693296432495,-16,2580,16315,nan,nan,False
6,0,lp_perfect,0.06807899475097656,480,480,654,nan,nan,False
6,0,lp_perfect,0.1510019302368164,480,480,59,746,160,571,262,654,109,92,1,4,nan,nan,False
6,0,lp_perfect,0.05200004577636719,480,480,59,746,160,571,262,654,117,98,1,4,nan,nan,False
6,0,ilp,0.292205810546875,nan,0,nan,nan,nan,nan,nan,nan,nan,nan,nan,nan,-1,-1,True
6,0,ilp,0.2991516590118408,nan,0,nan,nan,nan,nan,nan,nan,nan,nan,nan,nan,-1,-1,True
6,0,ilp,0.30829334259033203,nan,0,nan,nan,nan,nan,nan,nan,nan,nan,nan,nan,-1,-1,True
6,0,ilp,0.3402566909790039,nan,0,nan,nan,nan,nan,nan,nan,nan,nan,nan,nan,-1,-1,True
6,0,ilp,0.2732415199279785,nan,0,nan,nan,nan,nan,nan,nan,nan,nan,nan,nan,-1,-1,True
6,0,ilp,0.2309718132019043,nan,0,nan,nan,nan,nan,nan,nan,nan,nan,nan,nan,-1,-1,True
6,0,ilp,0.24930429458618164,nan,0,nan,nan,nan,nan,nan,nan,nan,nan,nan,nan,-1,-1,True
6,0,ilp,0.5730516910552979,nan,0,nan,nan,nan,nan,nan,nan,nan,nan,nan,nan,-1,-1,True
6,0,ilp,0.8711090087890625,nan,0,nan,nan,nan,nan,nan,nan,nan,nan,nan,nan,-1,-1,True
6,0,ilp,1.5444347858428955,nan,0,nan,nan,nan,nan,nan,nan,nan,nan,nan,nan,-1,-1,True
6,0,ilp,1.0145595073699951,nan,0,nan,nan,nan,nan,nan,nan,nan,nan,nan,nan,-1,-1,True
6,0,ilp,0.9305465221405029,nan,0,nan,nan,nan,nan,nan,nan,nan,nan,nan,nan,-1,-1,True
6,0,ilp,0.9367706775665283,nan,0,nan,nan,nan,nan,nan,nan,nan,nan,nan,nan,-1,-1,True
6,0,ilp,0.4996516704559326,nan,0,nan,nan,nan,nan,nan,nan,nan,nan,nan,nan,-1,-1,True
6,0,ilp,1.5898358821868896,nan,0,nan,nan,nan,nan,nan,nan,nan,nan,nan,nan,-1,-1,True
6,0,ilp,0.19607186317443848,nan,0,nan,nan,nan,nan,nan,nan,nan,nan,nan,nan,-1,-1,True
6,0,ilp,0.3007090091705322,nan,0,nan,nan,nan,nan,nan,nan,nan,nan,nan,nan,-1,-1,True
6,0,ilp,0.30457401275634766,nan,0,nan,nan,nan,nan,nan,nan,nan,nan,nan,nan,-1,-1,True
6,0,ilp,0.2989490032196045,nan,480,nan,nan,nan,nan,nan,nan,nan,nan,nan,nan,42,14,False
6,0,ilp,0.27801990509033203,nan,480,nan,nan,nan,nan,nan,nan,nan,nan,nan,nan,42,252,False
6,0,ilp,0.3007698059082031,nan,480,nan,nan,nan,nan,nan,nan,nan,nan,nan,nan,42,282,False
6,0,ilp,0.3115975856781006,nan,480,nan,nan,nan,nan,nan,nan,nan,nan,nan,nan,42,283,False
6,0,ilp,0.3070402145385742,nan,480,nan,nan,nan,nan,nan,nan,nan,nan,nan,nan,42,283,False
